PLATFORM_NUMBER,CYCLE_NUMBER,time,JULD_LOCATION,latitude,longitude,PRES,TEMP,PSAL,TEMP_QC,PSAL_QC
,,UTC,UTC,degrees_north,degrees_east,decibar,degree_Celsius,PSU,,
1902669,48,2025-01-01T14:22:19Z,2025-01-01T14:22:19Z,13.683333333333334,87.06666666666666,0.3,28.073,32.983,1,1
1902669,48,2025-01-01T14:22:19Z,2025-01-01T14:22:19Z,13.683333333333334,87.06666666666666,1.0,28.078,32.983,1,1
1902669,48,2025-01-01T14:22:19Z,2025-01-01T14:22:19Z,13.683333333333334,87.06666666666666,2.0,28.09,32.979,1,1
1902669,48,2025-01-01T14:22:19Z,2025-01-01T14:22:19Z,13.683333333333334,87.06666666666666,2.8,28.092,32.978,1,1
1902669,48,2025-01-01T14:22:19Z,2025-01-01T14:22:19Z,13.683333333333334,87.06666666666666,3.9,28.09,32.978,1,1
1902669,48,2025-01-01T14:22:19Z,2025-01-01T14:22:19Z,13.683333333333334,87.06666666666666,4.9,28.095,32.978,1,1
1902669,48,2025-01-01T14:22:19Z,2025-01-01T14:22:19Z,13.683333333333334,87.06666666666666,5.9,28.097,32.979,1,1
1902669,48,2025-01-01T14:22:19Z,2025-01-01T14:22:19Z,13.683333333333334,87.06666666666666,7.0,28.097,32.975,1,1
1902669,48,2025-01-01T14:22:19Z,2025-01-01T14:22:19Z,13.683333333333334,87.06666666666666,8.1,28.097,32.977,1,1
1902669,48,2025-01-01T14:22:19Z,2025-01-01T14:22:19Z,13.683333333333334,87.06666666666666,9.2,28.096,32.977,1,1
1902669,48,2025-01-01T14:22:19Z,2025-01-01T14:22:19Z,13.683333333333334,87.06666666666666,10.3,28.098,32.976,1,1
1902669,48,2025-01-01T14:22:19Z,2025-01-01T14:22:19Z,13.683333333333334,87.06666666666666,15.7,28.098,32.977,1,1
1902669,48,2025-01-01T14:22:19Z,2025-01-01T14:22:19Z,13.683333333333334,87.06666666666666,25.3,28.102,32.978,1,1
1902669,48,2025-01-01T14:22:19Z,2025-01-01T14:22:19Z,13.683333333333334,87.06666666666666,35.4,28.106,32.996,1,1
1902669,48,2025-01-01T14:22:19Z,2025-01-01T14:22:19Z,13.683333333333334,87.06666666666666,45.7,28.156,33.079,1,1
1902669,48,2025-01-01T14:22:19Z,2025-01-01T14:22:19Z,13.683333333333334,87.06666666666666,55.4,28.208,33.387,1,1
1902669,48,2025-01-01T14:22:19Z,2025-01-01T14:22:19Z,13.683333333333334,87.06666666666666,65.1,27.28,34.026,1,1
1902669,48,2025-01-01T14:22:19Z,2025-01-01T14:22:19Z,13.683333333333334,87.06666666666666,75.4,26.608,34.228,1,1
1902669,48,2025-01-01T14:22:19Z,2025-01-01T14:22:19Z,13.683333333333334,87.06666666666666,85.5,25.389,34.425,1,1
1902669,48,2025-01-01T14:22:19Z,2025-01-01T14:22:19Z,13.683333333333334,87.06666666666666,95.5,23.596,34.456,1,1
1902669,48,2025-01-01T14:22:19Z,2025-01-01T14:22:19Z,13.683333333333334,87.06666666666666,105.3,22.424,34.643,1,1
1902669,48,2025-01-01T14:22:19Z,2025-01-01T14:22:19Z,13.683333333333334,87.06666666666666,115.4,21.519,34.726,1,1
1902669,48,2025-01-01T14:22:19Z,2025-01-01T14:22:19Z,13.683333333333334,87.06666666666666,125.2,20.748,34.76,1,1
1902669,48,2025-01-01T14:22:19Z,2025-01-01T14:22:19Z,13.683333333333334,87.06666666666666,135.3,19.707,34.787,1,1
1902669,48,2025-01-01T14:22:19Z,2025-01-01T14:22:19Z,13.683333333333334,87.06666666666666,145.3,18.574,34.825,1,1
1902669,48,2025-01-01T14:22:19Z,2025-01-01T14:22:19Z,13.683333333333334,87.06666666666666,155.5,17.682,34.857,1,1
1902669,48,2025-01-01T14:22:19Z,2025-01-01T14:22:19Z,13.683333333333334,87.06666666666666,165.7,16.75,34.886,1,1
1902669,48,2025-01-01T14:22:19Z,2025-01-01T14:22:19Z,13.683333333333334,87.06666666666666,175.5,16.164,34.895,1,1
1902669,48,2025-01-01T14:22:19Z,2025-01-01T14:22:19Z,13.683333333333334,87.06666666666666,185.8,15.563,34.917,1,1
1902669,48,2025-01-01T14:22:19Z,2025-01-01T14:22:19Z,13.683333333333334,87.06666666666666,195.6,14.722,34.93,1,1
1902669,48,2025-01-01T14:22:19Z,2025-01-01T14:22:19Z,13.683333333333334,87.06666666666666,212.6,13.832,34.963,1,1
1902669,48,2025-01-01T14:22:19Z,2025-01-01T14:22:19Z,13.683333333333334,87.06666666666666,237.7,13.175,34.986,1,1
1902669,48,2025-01-01T14:22:19Z,2025-01-01T14:22:19Z,13.683333333333334,87.06666666666666,262.3,12.611,35.003,1,1
1902669,48,2025-01-01T14:22:19Z,2025-01-01T14:22:19Z,13.683333333333334,87.06666666666666,287.5,12.228,35.022,1,1
1902669,48,2025-01-01T14:22:19Z,2025-01-01T14:22:19Z,13.683333333333334,87.06666666666666,313.4,11.787,35.03,1,1
1902669,48,2025-01-01T14:22:19Z,2025-01-01T14:22:19Z,13.683333333333334,87.06666666666666,337.4,11.388,35.035,1,1
1902669,48,2025-01-01T14:22:19Z,2025-01-01T14:22:19Z,13.683333333333334,87.06666666666666,362.7,11.171,35.033,1,1
1902669,48,2025-01-01T14:22:19Z,2025-01-01T14:22:19Z,13.683333333333334,87.06666666666666,387.7,10.947,35.032,1,1
1902669,48,2025-01-01T14:22:19Z,2025-01-01T14:22:19Z,13.683333333333334,87.06666666666666,412.6,10.735,35.032,1,1
1902669,48,2025-01-01T14:22:19Z,2025-01-01T14:22:19Z,13.683333333333334,87.06666666666666,437.8,10.551,35.031,1,1
1902669,48,2025-01-01T14:22:19Z,2025-01-01T14:22:19Z,13.683333333333334,87.06666666666666,463.1,10.333,35.029,1,1
1902669,48,2025-01-01T14:22:19Z,2025-01-01T14:22:19Z,13.683333333333334,87.06666666666666,488.1,10.126,35.028,1,1
1902669,48,2025-01-01T14:22:19Z,2025-01-01T14:22:19Z,13.683333333333334,87.06666666666666,512.7,9.929,35.027,1,1
1902669,48,2025-01-01T14:22:19Z,2025-01-01T14:22:19Z,13.683333333333334,87.06666666666666,537.8,9.725,35.023,1,1
1902669,48,2025-01-01T14:22:19Z,2025-01-01T14:22:19Z,13.683333333333334,87.06666666666666,563.1,9.526,35.018,1,1
1902669,48,2025-01-01T14:22:19Z,2025-01-01T14:22:19Z,13.683333333333334,87.06666666666666,587.9,9.33,35.015,1,1
1902669,48,2025-01-01T14:22:19Z,2025-01-01T14:22:19Z,13.683333333333334,87.06666666666666,612.8,9.133,35.01,1,1
1902669,48,2025-01-01T14:22:19Z,2025-01-01T14:22:19Z,13.683333333333334,87.06666666666666,637.9,8.909,35.004,1,1
1902669,48,2025-01-01T14:22:19Z,2025-01-01T14:22:19Z,13.683333333333334,87.06666666666666,662.7,8.735,34.999,1,1
1902669,48,2025-01-01T14:22:19Z,2025-01-01T14:22:19Z,13.683333333333334,87.06666666666666,687.6,8.559,34.995,1,1
1902669,48,2025-01-01T14:22:19Z,2025-01-01T14:22:19Z,13.683333333333334,87.06666666666666,713.0,8.429,34.99,1,1
1902669,48,2025-01-01T14:22:19Z,2025-01-01T14:22:19Z,13.683333333333334,87.06666666666666,738.0,8.286,34.987,1,1
1902669,48,2025-01-01T14:22:19Z,2025-01-01T14:22:19Z,13.683333333333334,87.06666666666666,763.0,8.087,34.982,1,1
1902669,48,2025-01-01T14:22:19Z,2025-01-01T14:22:19Z,13.683333333333334,87.06666666666666,788.1,7.924,34.976,1,1
1902669,48,2025-01-01T14:22:19Z,2025-01-01T14:22:19Z,13.683333333333334,87.06666666666666,813.1,7.784,34.971,1,1
1902669,48,2025-01-01T14:22:19Z,2025-01-01T14:22:19Z,13.683333333333334,87.06666666666666,837.9,7.582,34.965,1,1
1902669,48,2025-01-01T14:22:19Z,2025-01-01T14:22:19Z,13.683333333333334,87.06666666666666,863.1,7.414,34.959,1,1
1902669,48,2025-01-01T14:22:19Z,2025-01-01T14:22:19Z,13.683333333333334,87.06666666666666,888.3,7.245,34.954,1,1
1902669,48,2025-01-01T14:22:19Z,2025-01-01T14:22:19Z,13.683333333333334,87.06666666666666,912.9,7.089,34.948,1,1
1902669,48,2025-01-01T14:22:19Z,2025-01-01T14:22:19Z,13.683333333333334,87.06666666666666,937.8,6.885,34.941,1,1
1902669,48,2025-01-01T14:22:19Z,2025-01-01T14:22:19Z,13.683333333333334,87.06666666666666,963.1,6.736,34.935,1,1
1902669,48,2025-01-01T14:22:19Z,2025-01-01T14:22:19Z,13.683333333333334,87.06666666666666,988.1,6.609,34.931,1,1
1902669,48,2025-01-01T14:22:19Z,2025-01-01T14:22:19Z,13.683333333333334,87.06666666666666,1013.7,6.451,34.925,1,1
1902669,48,2025-01-01T14:22:19Z,2025-01-01T14:22:19Z,13.683333333333334,87.06666666666666,1037.7,6.32,34.92,1,1
1902669,48,2025-01-01T14:22:19Z,2025-01-01T14:22:19Z,13.683333333333334,87.06666666666666,1062.9,6.178,34.914,1,1
1902669,48,2025-01-01T14:22:19Z,2025-01-01T14:22:19Z,13.683333333333334,87.06666666666666,1088.1,6.047,34.909,1,1
1902669,48,2025-01-01T14:22:19Z,2025-01-01T14:22:19Z,13.683333333333334,87.06666666666666,1113.2,5.929,34.905,1,1
1902669,48,2025-01-01T14:22:19Z,2025-01-01T14:22:19Z,13.683333333333334,87.06666666666666,1138.3,5.844,34.902,1,1
1902669,48,2025-01-01T14:22:19Z,2025-01-01T14:22:19Z,13.683333333333334,87.06666666666666,1163.0,5.754,34.898,1,1
1902669,48,2025-01-01T14:22:19Z,2025-01-01T14:22:19Z,13.683333333333334,87.06666666666666,1187.9,5.651,34.895,1,1
1902669,48,2025-01-01T14:22:19Z,2025-01-01T14:22:19Z,13.683333333333334,87.06666666666666,1212.8,5.505,34.889,1,1
1902669,48,2025-01-01T14:22:19Z,2025-01-01T14:22:19Z,13.683333333333334,87.06666666666666,1237.4,5.411,34.886,1,1
1902669,48,2025-01-01T14:22:19Z,2025-01-01T14:22:19Z,13.683333333333334,87.06666666666666,1263.1,5.333,34.883,1,1
1902669,48,2025-01-01T14:22:19Z,2025-01-01T14:22:19Z,13.683333333333334,87.06666666666666,1287.9,5.242,34.88,1,1
1902669,48,2025-01-01T14:22:19Z,2025-01-01T14:22:19Z,13.683333333333334,87.06666666666666,1313.3,5.152,34.876,1,1
1902669,48,2025-01-01T14:22:19Z,2025-01-01T14:22:19Z,13.683333333333334,87.06666666666666,1337.9,5.051,34.872,1,1
1902669,48,2025-01-01T14:22:19Z,2025-01-01T14:22:19Z,13.683333333333334,87.06666666666666,1362.8,4.924,34.868,1,1
1902669,48,2025-01-01T14:22:19Z,2025-01-01T14:22:19Z,13.683333333333334,87.06666666666666,1388.0,4.798,34.863,1,1
1902669,48,2025-01-01T14:22:19Z,2025-01-01T14:22:19Z,13.683333333333334,87.06666666666666,1413.0,4.699,34.859,1,1
1902669,48,2025-01-01T14:22:19Z,2025-01-01T14:22:19Z,13.683333333333334,87.06666666666666,1437.6,4.6,34.855,1,1
1902669,48,2025-01-01T14:22:19Z,2025-01-01T14:22:19Z,13.683333333333334,87.06666666666666,1462.9,4.513,34.852,1,1
1902669,48,2025-01-01T14:22:19Z,2025-01-01T14:22:19Z,13.683333333333334,87.06666666666666,1487.9,4.404,34.848,1,1
1902669,48,2025-01-01T14:22:19Z,2025-01-01T14:22:19Z,13.683333333333334,87.06666666666666,1512.6,4.308,34.844,1,1
1902669,48,2025-01-01T14:22:19Z,2025-01-01T14:22:19Z,13.683333333333334,87.06666666666666,1537.8,4.213,34.84,1,1
1902669,48,2025-01-01T14:22:19Z,2025-01-01T14:22:19Z,13.683333333333334,87.06666666666666,1563.0,4.109,34.836,1,1
1902669,48,2025-01-01T14:22:19Z,2025-01-01T14:22:19Z,13.683333333333334,87.06666666666666,1587.8,3.981,34.831,1,1
1902669,48,2025-01-01T14:22:19Z,2025-01-01T14:22:19Z,13.683333333333334,87.06666666666666,1612.8,3.853,34.825,1,1
1902669,48,2025-01-01T14:22:19Z,2025-01-01T14:22:19Z,13.683333333333334,87.06666666666666,1637.8,3.748,34.821,1,1
1902669,48,2025-01-01T14:22:19Z,2025-01-01T14:22:19Z,13.683333333333334,87.06666666666666,1663.2,3.613,34.816,1,1
1902669,48,2025-01-01T14:22:19Z,2025-01-01T14:22:19Z,13.683333333333334,87.06666666666666,1687.9,3.518,34.812,1,1
1902669,48,2025-01-01T14:22:19Z,2025-01-01T14:22:19Z,13.683333333333334,87.06666666666666,1712.8,3.435,34.808,1,1
1902669,48,2025-01-01T14:22:19Z,2025-01-01T14:22:19Z,13.683333333333334,87.06666666666666,1737.7,3.338,34.804,1,1
1902669,48,2025-01-01T14:22:19Z,2025-01-01T14:22:19Z,13.683333333333334,87.06666666666666,1762.9,3.259,34.801,1,1
1902669,48,2025-01-01T14:22:19Z,2025-01-01T14:22:19Z,13.683333333333334,87.06666666666666,1787.9,3.196,34.798,1,1
1902669,48,2025-01-01T14:22:19Z,2025-01-01T14:22:19Z,13.683333333333334,87.06666666666666,1812.8,3.144,34.796,1,1
1902669,48,2025-01-01T14:22:19Z,2025-01-01T14:22:19Z,13.683333333333334,87.06666666666666,1837.8,3.082,34.793,1,1
1902669,48,2025-01-01T14:22:19Z,2025-01-01T14:22:19Z,13.683333333333334,87.06666666666666,1863.0,3.029,34.791,1,1
1902669,48,2025-01-01T14:22:19Z,2025-01-01T14:22:19Z,13.683333333333334,87.06666666666666,1888.0,2.978,34.789,1,1
1902669,48,2025-01-01T14:22:19Z,2025-01-01T14:22:19Z,13.683333333333334,87.06666666666666,1912.8,2.92,34.786,1,1
1902669,48,2025-01-01T14:22:19Z,2025-01-01T14:22:19Z,13.683333333333334,87.06666666666666,1937.8,2.867,34.784,1,1
1902669,48,2025-01-01T14:22:19Z,2025-01-01T14:22:19Z,13.683333333333334,87.06666666666666,1962.9,2.818,34.782,1,1
1902669,48,2025-01-01T14:22:19Z,2025-01-01T14:22:19Z,13.683333333333334,87.06666666666666,1987.8,2.763,34.779,1,1
1902669,48,2025-01-01T14:22:19Z,2025-01-01T14:22:19Z,13.683333333333334,87.06666666666666,2012.7,2.715,34.777,1,1
1902669,48,2025-01-01T14:22:19Z,2025-01-01T14:22:19Z,13.683333333333334,87.06666666666666,2031.2,2.685,34.776,1,1
2903891,48,2025-01-03T14:30:18Z,2025-01-03T14:30:18Z,12.933333333333334,89.81666666666666,0.2,28.553,33.583,1,1
2903891,48,2025-01-03T14:30:18Z,2025-01-03T14:30:18Z,12.933333333333334,89.81666666666666,0.7,28.556,33.579,1,1
2903891,48,2025-01-03T14:30:18Z,2025-01-03T14:30:18Z,12.933333333333334,89.81666666666666,1.7,28.553,33.577,1,1
2903891,48,2025-01-03T14:30:18Z,2025-01-03T14:30:18Z,12.933333333333334,89.81666666666666,2.8,28.547,33.58,1,1
2903891,48,2025-01-03T14:30:18Z,2025-01-03T14:30:18Z,12.933333333333334,89.81666666666666,3.8,28.544,33.582,1,1
2903891,48,2025-01-03T14:30:18Z,2025-01-03T14:30:18Z,12.933333333333334,89.81666666666666,5.0,28.544,33.58,1,1
2903891,48,2025-01-03T14:30:18Z,2025-01-03T14:30:18Z,12.933333333333334,89.81666666666666,5.9,28.541,33.582,1,1
2903891,48,2025-01-03T14:30:18Z,2025-01-03T14:30:18Z,12.933333333333334,89.81666666666666,6.9,28.556,33.582,1,1
2903891,48,2025-01-03T14:30:18Z,2025-01-03T14:30:18Z,12.933333333333334,89.81666666666666,8.1,28.571,33.585,1,1
2903891,48,2025-01-03T14:30:18Z,2025-01-03T14:30:18Z,12.933333333333334,89.81666666666666,8.9,28.569,33.585,1,1
2903891,48,2025-01-03T14:30:18Z,2025-01-03T14:30:18Z,12.933333333333334,89.81666666666666,9.7,28.57,33.583,1,1
2903891,48,2025-01-03T14:30:18Z,2025-01-03T14:30:18Z,12.933333333333334,89.81666666666666,15.0,28.73,33.712,1,1
2903891,48,2025-01-03T14:30:18Z,2025-01-03T14:30:18Z,12.933333333333334,89.81666666666666,25.2,28.842,33.834,1,1
2903891,48,2025-01-03T14:30:18Z,2025-01-03T14:30:18Z,12.933333333333334,89.81666666666666,35.6,28.84,33.859,1,1
2903891,48,2025-01-03T14:30:18Z,2025-01-03T14:30:18Z,12.933333333333334,89.81666666666666,45.4,28.849,33.89,1,1
2903891,48,2025-01-03T14:30:18Z,2025-01-03T14:30:18Z,12.933333333333334,89.81666666666666,55.3,28.87,33.929,1,1
2903891,48,2025-01-03T14:30:18Z,2025-01-03T14:30:18Z,12.933333333333334,89.81666666666666,65.5,28.915,33.979,1,1
2903891,48,2025-01-03T14:30:18Z,2025-01-03T14:30:18Z,12.933333333333334,89.81666666666666,75.5,29.143,34.315,1,1
2903891,48,2025-01-03T14:30:18Z,2025-01-03T14:30:18Z,12.933333333333334,89.81666666666666,86.1,28.707,34.538,1,1
2903891,48,2025-01-03T14:30:18Z,2025-01-03T14:30:18Z,12.933333333333334,89.81666666666666,95.1,27.187,34.424,1,1
2903891,48,2025-01-03T14:30:18Z,2025-01-03T14:30:18Z,12.933333333333334,89.81666666666666,105.5,25.404,34.411,1,1
2903891,48,2025-01-03T14:30:18Z,2025-01-03T14:30:18Z,12.933333333333334,89.81666666666666,115.7,24.405,34.694,1,1
2903891,48,2025-01-03T14:30:18Z,2025-01-03T14:30:18Z,12.933333333333334,89.81666666666666,124.7,23.103,34.815,1,1
2903891,48,2025-01-03T14:30:18Z,2025-01-03T14:30:18Z,12.933333333333334,89.81666666666666,135.2,22.021,34.871,1,1
2903891,48,2025-01-03T14:30:18Z,2025-01-03T14:30:18Z,12.933333333333334,89.81666666666666,145.3,21.136,34.862,1,1
2903891,48,2025-01-03T14:30:18Z,2025-01-03T14:30:18Z,12.933333333333334,89.81666666666666,154.8,20.268,34.872,1,1
2903891,48,2025-01-03T14:30:18Z,2025-01-03T14:30:18Z,12.933333333333334,89.81666666666666,165.4,19.554,34.887,1,1
2903891,48,2025-01-03T14:30:18Z,2025-01-03T14:30:18Z,12.933333333333334,89.81666666666666,175.5,18.661,34.856,1,1
2903891,48,2025-01-03T14:30:18Z,2025-01-03T14:30:18Z,12.933333333333334,89.81666666666666,185.6,17.41,34.828,1,1
2903891,48,2025-01-03T14:30:18Z,2025-01-03T14:30:18Z,12.933333333333334,89.81666666666666,195.4,16.682,34.886,1,1
2903891,48,2025-01-03T14:30:18Z,2025-01-03T14:30:18Z,12.933333333333334,89.81666666666666,213.0,15.776,34.922,1,1
2903891,48,2025-01-03T14:30:18Z,2025-01-03T14:30:18Z,12.933333333333334,89.81666666666666,238.8,14.523,34.949,1,1
2903891,48,2025-01-03T14:30:18Z,2025-01-03T14:30:18Z,12.933333333333334,89.81666666666666,262.7,13.515,34.99,1,1
2903891,48,2025-01-03T14:30:18Z,2025-01-03T14:30:18Z,12.933333333333334,89.81666666666666,288.1,12.86,35.008,1,1
2903891,48,2025-01-03T14:30:18Z,2025-01-03T14:30:18Z,12.933333333333334,89.81666666666666,312.7,12.398,35.018,1,1
2903891,48,2025-01-03T14:30:18Z,2025-01-03T14:30:18Z,12.933333333333334,89.81666666666666,337.7,12.02,35.03,1,1
2903891,48,2025-01-03T14:30:18Z,2025-01-03T14:30:18Z,12.933333333333334,89.81666666666666,363.0,11.569,35.031,1,1
2903891,48,2025-01-03T14:30:18Z,2025-01-03T14:30:18Z,12.933333333333334,89.81666666666666,389.0,11.229,35.034,1,1
2903891,48,2025-01-03T14:30:18Z,2025-01-03T14:30:18Z,12.933333333333334,89.81666666666666,412.8,11.015,35.037,1,1
2903891,48,2025-01-03T14:30:18Z,2025-01-03T14:30:18Z,12.933333333333334,89.81666666666666,437.7,10.761,35.034,1,1
2903891,48,2025-01-03T14:30:18Z,2025-01-03T14:30:18Z,12.933333333333334,89.81666666666666,462.7,10.536,35.033,1,1
2903891,48,2025-01-03T14:30:18Z,2025-01-03T14:30:18Z,12.933333333333334,89.81666666666666,487.7,10.337,35.033,1,1
2903891,48,2025-01-03T14:30:18Z,2025-01-03T14:30:18Z,12.933333333333334,89.81666666666666,512.8,10.183,35.032,1,1
2903891,48,2025-01-03T14:30:18Z,2025-01-03T14:30:18Z,12.933333333333334,89.81666666666666,537.8,10.036,35.031,1,1
2903891,48,2025-01-03T14:30:18Z,2025-01-03T14:30:18Z,12.933333333333334,89.81666666666666,562.9,9.841,35.026,1,1
2903891,48,2025-01-03T14:30:18Z,2025-01-03T14:30:18Z,12.933333333333334,89.81666666666666,588.0,9.653,35.022,1,1
2903891,48,2025-01-03T14:30:18Z,2025-01-03T14:30:18Z,12.933333333333334,89.81666666666666,613.2,9.471,35.018,1,1
2903891,48,2025-01-03T14:30:18Z,2025-01-03T14:30:18Z,12.933333333333334,89.81666666666666,638.5,9.276,35.013,1,1
2903891,48,2025-01-03T14:30:18Z,2025-01-03T14:30:18Z,12.933333333333334,89.81666666666666,663.0,9.123,35.009,1,1
2903891,48,2025-01-03T14:30:18Z,2025-01-03T14:30:18Z,12.933333333333334,89.81666666666666,687.6,8.959,35.005,1,1
2903891,48,2025-01-03T14:30:18Z,2025-01-03T14:30:18Z,12.933333333333334,89.81666666666666,712.6,8.814,35.001,1,1
2903891,48,2025-01-03T14:30:18Z,2025-01-03T14:30:18Z,12.933333333333334,89.81666666666666,737.7,8.672,34.998,1,1
2903891,48,2025-01-03T14:30:18Z,2025-01-03T14:30:18Z,12.933333333333334,89.81666666666666,762.7,8.512,34.993,1,1
2903891,48,2025-01-03T14:30:18Z,2025-01-03T14:30:18Z,12.933333333333334,89.81666666666666,788.1,8.351,34.988,1,1
2903891,48,2025-01-03T14:30:18Z,2025-01-03T14:30:18Z,12.933333333333334,89.81666666666666,813.1,8.182,34.982,1,1
2903891,48,2025-01-03T14:30:18Z,2025-01-03T14:30:18Z,12.933333333333334,89.81666666666666,837.9,7.991,34.976,1,1
2903891,48,2025-01-03T14:30:18Z,2025-01-03T14:30:18Z,12.933333333333334,89.81666666666666,862.6,7.841,34.972,1,1
2903891,48,2025-01-03T14:30:18Z,2025-01-03T14:30:18Z,12.933333333333334,89.81666666666666,887.5,7.698,34.968,1,1
2903891,48,2025-01-03T14:30:18Z,2025-01-03T14:30:18Z,12.933333333333334,89.81666666666666,912.4,7.555,34.964,1,1
2903891,48,2025-01-03T14:30:18Z,2025-01-03T14:30:18Z,12.933333333333334,89.81666666666666,938.4,7.38,34.958,1,1
2903891,48,2025-01-03T14:30:18Z,2025-01-03T14:30:18Z,12.933333333333334,89.81666666666666,963.2,7.246,34.953,1,1
2903891,48,2025-01-03T14:30:18Z,2025-01-03T14:30:18Z,12.933333333333334,89.81666666666666,988.0,7.114,34.948,1,1
2903891,48,2025-01-03T14:30:18Z,2025-01-03T14:30:18Z,12.933333333333334,89.81666666666666,1013.0,6.964,34.942,1,1
2903891,48,2025-01-03T14:30:18Z,2025-01-03T14:30:18Z,12.933333333333334,89.81666666666666,1038.1,6.79,34.935,1,1
2903891,48,2025-01-03T14:30:18Z,2025-01-03T14:30:18Z,12.933333333333334,89.81666666666666,1063.0,6.653,34.93,1,1
2903891,48,2025-01-03T14:30:18Z,2025-01-03T14:30:18Z,12.933333333333334,89.81666666666666,1087.8,6.523,34.925,1,1
2903891,48,2025-01-03T14:30:18Z,2025-01-03T14:30:18Z,12.933333333333334,89.81666666666666,1112.7,6.381,34.92,1,1
2903891,48,2025-01-03T14:30:18Z,2025-01-03T14:30:18Z,12.933333333333334,89.81666666666666,1137.6,6.26,34.914,1,1
2903891,48,2025-01-03T14:30:18Z,2025-01-03T14:30:18Z,12.933333333333334,89.81666666666666,1162.6,6.151,34.911,1,1
2903891,48,2025-01-03T14:30:18Z,2025-01-03T14:30:18Z,12.933333333333334,89.81666666666666,1187.7,6.029,34.906,1,1
2903891,48,2025-01-03T14:30:18Z,2025-01-03T14:30:18Z,12.933333333333334,89.81666666666666,1212.8,5.921,34.901,1,1
2903891,48,2025-01-03T14:30:18Z,2025-01-03T14:30:18Z,12.933333333333334,89.81666666666666,1237.9,5.789,34.896,1,1
2903891,48,2025-01-03T14:30:18Z,2025-01-03T14:30:18Z,12.933333333333334,89.81666666666666,1262.8,5.702,34.894,1,1
2903891,48,2025-01-03T14:30:18Z,2025-01-03T14:30:18Z,12.933333333333334,89.81666666666666,1287.7,5.595,34.889,1,1
2903891,48,2025-01-03T14:30:18Z,2025-01-03T14:30:18Z,12.933333333333334,89.81666666666666,1312.6,5.489,34.885,1,1
2903891,48,2025-01-03T14:30:18Z,2025-01-03T14:30:18Z,12.933333333333334,89.81666666666666,1337.8,5.388,34.881,1,1
2903891,48,2025-01-03T14:30:18Z,2025-01-03T14:30:18Z,12.933333333333334,89.81666666666666,1363.0,5.281,34.877,1,1
2903891,48,2025-01-03T14:30:18Z,2025-01-03T14:30:18Z,12.933333333333334,89.81666666666666,1388.2,5.188,34.874,1,1
2903891,48,2025-01-03T14:30:18Z,2025-01-03T14:30:18Z,12.933333333333334,89.81666666666666,1413.1,5.102,34.871,1,1
2903891,48,2025-01-03T14:30:18Z,2025-01-03T14:30:18Z,12.933333333333334,89.81666666666666,1437.6,5.0,34.866,1,1
2903891,48,2025-01-03T14:30:18Z,2025-01-03T14:30:18Z,12.933333333333334,89.81666666666666,1462.4,4.872,34.861,1,1
2903891,48,2025-01-03T14:30:18Z,2025-01-03T14:30:18Z,12.933333333333334,89.81666666666666,1487.8,4.776,34.857,1,1
2903891,48,2025-01-03T14:30:18Z,2025-01-03T14:30:18Z,12.933333333333334,89.81666666666666,1513.0,4.686,34.854,1,1
2903891,48,2025-01-03T14:30:18Z,2025-01-03T14:30:18Z,12.933333333333334,89.81666666666666,1538.1,4.609,34.851,1,1
2903891,48,2025-01-03T14:30:18Z,2025-01-03T14:30:18Z,12.933333333333334,89.81666666666666,1563.0,4.499,34.847,1,1
2903891,48,2025-01-03T14:30:18Z,2025-01-03T14:30:18Z,12.933333333333334,89.81666666666666,1587.9,4.371,34.843,1,1
2903891,48,2025-01-03T14:30:18Z,2025-01-03T14:30:18Z,12.933333333333334,89.81666666666666,1612.8,4.261,34.838,1,1
2903891,48,2025-01-03T14:30:18Z,2025-01-03T14:30:18Z,12.933333333333334,89.81666666666666,1637.7,4.141,34.833,1,1
2903891,48,2025-01-03T14:30:18Z,2025-01-03T14:30:18Z,12.933333333333334,89.81666666666666,1662.6,4.025,34.829,1,1
2903891,48,2025-01-03T14:30:18Z,2025-01-03T14:30:18Z,12.933333333333334,89.81666666666666,1687.9,3.899,34.824,1,1
2903891,48,2025-01-03T14:30:18Z,2025-01-03T14:30:18Z,12.933333333333334,89.81666666666666,1713.0,3.785,34.819,1,1
2903891,48,2025-01-03T14:30:18Z,2025-01-03T14:30:18Z,12.933333333333334,89.81666666666666,1737.7,3.682,34.815,1,1
2903891,48,2025-01-03T14:30:18Z,2025-01-03T14:30:18Z,12.933333333333334,89.81666666666666,1762.8,3.569,34.81,1,1
2903891,48,2025-01-03T14:30:18Z,2025-01-03T14:30:18Z,12.933333333333334,89.81666666666666,1788.6,3.475,34.806,1,1
2903891,48,2025-01-03T14:30:18Z,2025-01-03T14:30:18Z,12.933333333333334,89.81666666666666,1813.0,3.388,34.803,1,1
2903891,48,2025-01-03T14:30:18Z,2025-01-03T14:30:18Z,12.933333333333334,89.81666666666666,1837.9,3.324,34.8,1,1
2903891,48,2025-01-03T14:30:18Z,2025-01-03T14:30:18Z,12.933333333333334,89.81666666666666,1862.8,3.257,34.797,1,1
2903891,48,2025-01-03T14:30:18Z,2025-01-03T14:30:18Z,12.933333333333334,89.81666666666666,1888.1,3.178,34.794,1,1
2903891,48,2025-01-03T14:30:18Z,2025-01-03T14:30:18Z,12.933333333333334,89.81666666666666,1913.1,3.11,34.791,1,1
2903891,48,2025-01-03T14:30:18Z,2025-01-03T14:30:18Z,12.933333333333334,89.81666666666666,1938.1,3.045,34.788,1,1
2903891,48,2025-01-03T14:30:18Z,2025-01-03T14:30:18Z,12.933333333333334,89.81666666666666,1963.1,2.967,34.785,1,1
2903891,48,2025-01-03T14:30:18Z,2025-01-03T14:30:18Z,12.933333333333334,89.81666666666666,1983.1,2.913,34.783,1,1
2903892,48,2025-01-05T14:18:25Z,2025-01-05T14:18:25Z,13.05,82.46666666666667,0.3,27.343,31.736,1,1
2903892,48,2025-01-05T14:18:25Z,2025-01-05T14:18:25Z,13.05,82.46666666666667,0.9,27.349,31.733,1,1
2903892,48,2025-01-05T14:18:25Z,2025-01-05T14:18:25Z,13.05,82.46666666666667,1.9,27.356,31.728,1,1
2903892,48,2025-01-05T14:18:25Z,2025-01-05T14:18:25Z,13.05,82.46666666666667,2.9,27.359,31.726,1,1
2903892,48,2025-01-05T14:18:25Z,2025-01-05T14:18:25Z,13.05,82.46666666666667,4.0,27.357,31.729,1,1
2903892,48,2025-01-05T14:18:25Z,2025-01-05T14:18:25Z,13.05,82.46666666666667,5.1,27.357,31.756,1,1
2903892,48,2025-01-05T14:18:25Z,2025-01-05T14:18:25Z,13.05,82.46666666666667,6.0,27.346,31.777,1,1
2903892,48,2025-01-05T14:18:25Z,2025-01-05T14:18:25Z,13.05,82.46666666666667,6.9,27.337,31.787,1,1
2903892,48,2025-01-05T14:18:25Z,2025-01-05T14:18:25Z,13.05,82.46666666666667,7.7,27.323,31.807,1,1
2903892,48,2025-01-05T14:18:25Z,2025-01-05T14:18:25Z,13.05,82.46666666666667,9.0,27.313,31.834,1,1
2903892,48,2025-01-05T14:18:25Z,2025-01-05T14:18:25Z,13.05,82.46666666666667,10.2,27.307,31.86,1,1
2903892,48,2025-01-05T14:18:25Z,2025-01-05T14:18:25Z,13.05,82.46666666666667,15.9,27.316,32.031,1,1
2903892,48,2025-01-05T14:18:25Z,2025-01-05T14:18:25Z,13.05,82.46666666666667,25.3,27.089,33.493,1,1
2903892,48,2025-01-05T14:18:25Z,2025-01-05T14:18:25Z,13.05,82.46666666666667,35.8,24.436,34.659,1,1
2903892,48,2025-01-05T14:18:25Z,2025-01-05T14:18:25Z,13.05,82.46666666666667,45.0,22.217,34.696,1,1
2903892,48,2025-01-05T14:18:25Z,2025-01-05T14:18:25Z,13.05,82.46666666666667,55.7,20.744,34.739,1,1
2903892,48,2025-01-05T14:18:25Z,2025-01-05T14:18:25Z,13.05,82.46666666666667,65.2,19.421,34.793,1,1
2903892,48,2025-01-05T14:18:25Z,2025-01-05T14:18:25Z,13.05,82.46666666666667,75.5,18.078,34.841,1,1
2903892,48,2025-01-05T14:18:25Z,2025-01-05T14:18:25Z,13.05,82.46666666666667,86.0,17.194,34.871,1,1
2903892,48,2025-01-05T14:18:25Z,2025-01-05T14:18:25Z,13.05,82.46666666666667,95.4,16.403,34.898,1,1
2903892,48,2025-01-05T14:18:25Z,2025-01-05T14:18:25Z,13.05,82.46666666666667,105.2,15.58,34.928,1,1
2903892,48,2025-01-05T14:18:25Z,2025-01-05T14:18:25Z,13.05,82.46666666666667,115.2,14.795,34.952,1,1
2903892,48,2025-01-05T14:18:25Z,2025-01-05T14:18:25Z,13.05,82.46666666666667,125.4,14.206,34.969,1,1
2903892,48,2025-01-05T14:18:25Z,2025-01-05T14:18:25Z,13.05,82.46666666666667,135.1,13.776,34.987,1,1
2903892,48,2025-01-05T14:18:25Z,2025-01-05T14:18:25Z,13.05,82.46666666666667,145.3,13.315,34.998,1,1
2903892,48,2025-01-05T14:18:25Z,2025-01-05T14:18:25Z,13.05,82.46666666666667,155.4,13.048,35.008,1,1
2903892,48,2025-01-05T14:18:25Z,2025-01-05T14:18:25Z,13.05,82.46666666666667,165.0,12.802,35.016,1,1
2903892,48,2025-01-05T14:18:25Z,2025-01-05T14:18:25Z,13.05,82.46666666666667,175.4,12.484,35.025,1,1
2903892,48,2025-01-05T14:18:25Z,2025-01-05T14:18:25Z,13.05,82.46666666666667,185.8,12.266,35.026,1,1
2903892,48,2025-01-05T14:18:25Z,2025-01-05T14:18:25Z,13.05,82.46666666666667,195.8,12.097,35.034,1,1
2903892,48,2025-01-05T14:18:25Z,2025-01-05T14:18:25Z,13.05,82.46666666666667,212.9,12.014,35.055,1,1
2903892,48,2025-01-05T14:18:25Z,2025-01-05T14:18:25Z,13.05,82.46666666666667,237.8,11.886,35.065,1,1
2903892,48,2025-01-05T14:18:25Z,2025-01-05T14:18:25Z,13.05,82.46666666666667,262.8,11.742,35.074,1,1
2903892,48,2025-01-05T14:18:25Z,2025-01-05T14:18:25Z,13.05,82.46666666666667,287.8,11.489,35.067,1,1
2903892,48,2025-01-05T14:18:25Z,2025-01-05T14:18:25Z,13.05,82.46666666666667,312.7,11.327,35.07,1,1
2903892,48,2025-01-05T14:18:25Z,2025-01-05T14:18:25Z,13.05,82.46666666666667,338.0,11.126,35.061,1,1
2903892,48,2025-01-05T14:18:25Z,2025-01-05T14:18:25Z,13.05,82.46666666666667,363.0,10.958,35.059,1,1
2903892,48,2025-01-05T14:18:25Z,2025-01-05T14:18:25Z,13.05,82.46666666666667,388.0,10.784,35.055,1,1
2903892,48,2025-01-05T14:18:25Z,2025-01-05T14:18:25Z,13.05,82.46666666666667,412.8,10.615,35.051,1,1
2903892,48,2025-01-05T14:18:25Z,2025-01-05T14:18:25Z,13.05,82.46666666666667,437.8,10.412,35.041,1,1
2903892,48,2025-01-05T14:18:25Z,2025-01-05T14:18:25Z,13.05,82.46666666666667,462.8,10.214,35.039,1,1
2903892,48,2025-01-05T14:18:25Z,2025-01-05T14:18:25Z,13.05,82.46666666666667,487.9,10.052,35.039,1,1
2903892,48,2025-01-05T14:18:25Z,2025-01-05T14:18:25Z,13.05,82.46666666666667,512.6,9.894,35.037,1,1
2903892,48,2025-01-05T14:18:25Z,2025-01-05T14:18:25Z,13.05,82.46666666666667,537.6,9.794,35.035,1,1
2903892,48,2025-01-05T14:18:25Z,2025-01-05T14:18:25Z,13.05,82.46666666666667,562.9,9.704,35.041,1,1
2903892,48,2025-01-05T14:18:25Z,2025-01-05T14:18:25Z,13.05,82.46666666666667,588.2,9.511,35.031,1,1
2903892,48,2025-01-05T14:18:25Z,2025-01-05T14:18:25Z,13.05,82.46666666666667,613.0,9.348,35.022,1,1
2903892,48,2025-01-05T14:18:25Z,2025-01-05T14:18:25Z,13.05,82.46666666666667,637.9,9.295,35.023,1,1
2903892,48,2025-01-05T14:18:25Z,2025-01-05T14:18:25Z,13.05,82.46666666666667,663.8,9.203,35.021,1,1
2903892,48,2025-01-05T14:18:25Z,2025-01-05T14:18:25Z,13.05,82.46666666666667,687.9,9.139,35.028,1,1
2903892,48,2025-01-05T14:18:25Z,2025-01-05T14:18:25Z,13.05,82.46666666666667,712.9,9.011,35.017,1,1
2903892,48,2025-01-05T14:18:25Z,2025-01-05T14:18:25Z,13.05,82.46666666666667,737.9,8.823,35.01,1,1
2903892,48,2025-01-05T14:18:25Z,2025-01-05T14:18:25Z,13.05,82.46666666666667,762.9,8.731,35.011,1,1
2903892,48,2025-01-05T14:18:25Z,2025-01-05T14:18:25Z,13.05,82.46666666666667,787.9,8.604,35.002,1,1
2903892,48,2025-01-05T14:18:25Z,2025-01-05T14:18:25Z,13.05,82.46666666666667,813.0,8.384,34.987,1,1
2903892,48,2025-01-05T14:18:25Z,2025-01-05T14:18:25Z,13.05,82.46666666666667,838.0,8.111,34.979,1,1
2903892,48,2025-01-05T14:18:25Z,2025-01-05T14:18:25Z,13.05,82.46666666666667,863.2,7.965,34.977,1,1
2903892,48,2025-01-05T14:18:25Z,2025-01-05T14:18:25Z,13.05,82.46666666666667,887.8,7.833,34.977,1,1
2903892,48,2025-01-05T14:18:25Z,2025-01-05T14:18:25Z,13.05,82.46666666666667,912.7,7.704,34.972,1,1
2903892,48,2025-01-05T14:18:25Z,2025-01-05T14:18:25Z,13.05,82.46666666666667,938.0,7.549,34.965,1,1
2903892,48,2025-01-05T14:18:25Z,2025-01-05T14:18:25Z,13.05,82.46666666666667,963.3,7.402,34.959,1,1
2903892,48,2025-01-05T14:18:25Z,2025-01-05T14:18:25Z,13.05,82.46666666666667,987.8,7.249,34.952,1,1
2903892,48,2025-01-05T14:18:25Z,2025-01-05T14:18:25Z,13.05,82.46666666666667,1012.7,7.111,34.948,1,1
2903892,48,2025-01-05T14:18:25Z,2025-01-05T14:18:25Z,13.05,82.46666666666667,1037.9,7.004,34.945,1,1
2903892,48,2025-01-05T14:18:25Z,2025-01-05T14:18:25Z,13.05,82.46666666666667,1062.8,6.848,34.939,1,1
2903892,48,2025-01-05T14:18:25Z,2025-01-05T14:18:25Z,13.05,82.46666666666667,1088.1,6.715,34.934,1,1
2903892,48,2025-01-05T14:18:25Z,2025-01-05T14:18:25Z,13.05,82.46666666666667,1112.9,6.625,34.93,1,1
2903892,48,2025-01-05T14:18:25Z,2025-01-05T14:18:25Z,13.05,82.46666666666667,1137.7,6.51,34.925,1,1
2903892,48,2025-01-05T14:18:25Z,2025-01-05T14:18:25Z,13.05,82.46666666666667,1163.0,6.37,34.92,1,1
2903892,48,2025-01-05T14:18:25Z,2025-01-05T14:18:25Z,13.05,82.46666666666667,1188.0,6.251,34.915,1,1
2903892,48,2025-01-05T14:18:25Z,2025-01-05T14:18:25Z,13.05,82.46666666666667,1212.7,6.147,34.911,1,1
2903892,48,2025-01-05T14:18:25Z,2025-01-05T14:18:25Z,13.05,82.46666666666667,1237.8,6.029,34.907,1,1
2903892,48,2025-01-05T14:18:25Z,2025-01-05T14:18:25Z,13.05,82.46666666666667,1262.7,5.919,34.902,1,1
2903892,48,2025-01-05T14:18:25Z,2025-01-05T14:18:25Z,13.05,82.46666666666667,1287.5,5.8,34.898,1,1
2903892,48,2025-01-05T14:18:25Z,2025-01-05T14:18:25Z,13.05,82.46666666666667,1313.3,5.665,34.892,1,1
2903892,48,2025-01-05T14:18:25Z,2025-01-05T14:18:25Z,13.05,82.46666666666667,1338.2,5.544,34.887,1,1
2903892,48,2025-01-05T14:18:25Z,2025-01-05T14:18:25Z,13.05,82.46666666666667,1362.9,5.464,34.884,1,1
2903892,48,2025-01-05T14:18:25Z,2025-01-05T14:18:25Z,13.05,82.46666666666667,1387.9,5.363,34.881,1,1
2903892,48,2025-01-05T14:18:25Z,2025-01-05T14:18:25Z,13.05,82.46666666666667,1413.2,5.275,34.878,1,1
2903892,48,2025-01-05T14:18:25Z,2025-01-05T14:18:25Z,13.05,82.46666666666667,1437.8,5.106,34.871,1,1
2903892,48,2025-01-05T14:18:25Z,2025-01-05T14:18:25Z,13.05,82.46666666666667,1462.6,5.008,34.868,1,1
2903892,48,2025-01-05T14:18:25Z,2025-01-05T14:18:25Z,13.05,82.46666666666667,1487.5,4.98,34.866,1,1
2903892,48,2025-01-05T14:18:25Z,2025-01-05T14:18:25Z,13.05,82.46666666666667,1512.6,4.889,34.862,1,1
2903892,48,2025-01-05T14:18:25Z,2025-01-05T14:18:25Z,13.05,82.46666666666667,1537.6,4.787,34.859,1,1
2903892,48,2025-01-05T14:18:25Z,2025-01-05T14:18:25Z,13.05,82.46666666666667,1563.0,4.674,34.854,1,1
2903892,48,2025-01-05T14:18:25Z,2025-01-05T14:18:25Z,13.05,82.46666666666667,1588.8,4.539,34.849,1,1
2903892,48,2025-01-05T14:18:25Z,2025-01-05T14:18:25Z,13.05,82.46666666666667,1613.1,4.371,34.843,1,1
2903892,48,2025-01-05T14:18:25Z,2025-01-05T14:18:25Z,13.05,82.46666666666667,1638.0,4.234,34.837,1,1
2903892,48,2025-01-05T14:18:25Z,2025-01-05T14:18:25Z,13.05,82.46666666666667,1662.7,4.124,34.833,1,1
2903892,48,2025-01-05T14:18:25Z,2025-01-05T14:18:25Z,13.05,82.46666666666667,1687.9,4.077,34.831,1,1
2903892,48,2025-01-05T14:18:25Z,2025-01-05T14:18:25Z,13.05,82.46666666666667,1712.9,3.974,34.827,1,1
2903892,48,2025-01-05T14:18:25Z,2025-01-05T14:18:25Z,13.05,82.46666666666667,1737.7,3.864,34.822,1,1
2903892,48,2025-01-05T14:18:25Z,2025-01-05T14:18:25Z,13.05,82.46666666666667,1762.9,3.753,34.818,1,1
2903892,48,2025-01-05T14:18:25Z,2025-01-05T14:18:25Z,13.05,82.46666666666667,1788.3,3.638,34.813,1,1
2903892,48,2025-01-05T14:18:25Z,2025-01-05T14:18:25Z,13.05,82.46666666666667,1812.9,3.535,34.809,1,1
2903892,48,2025-01-05T14:18:25Z,2025-01-05T14:18:25Z,13.05,82.46666666666667,1837.9,3.455,34.805,1,1
2903892,48,2025-01-05T14:18:25Z,2025-01-05T14:18:25Z,13.05,82.46666666666667,1862.9,3.381,34.802,1,1
2903892,48,2025-01-05T14:18:25Z,2025-01-05T14:18:25Z,13.05,82.46666666666667,1887.8,3.3,34.798,1,1
2903892,48,2025-01-05T14:18:25Z,2025-01-05T14:18:25Z,13.05,82.46666666666667,1912.5,3.227,34.795,1,1
2903892,48,2025-01-05T14:18:25Z,2025-01-05T14:18:25Z,13.05,82.46666666666667,1938.3,3.164,34.792,1,1
2903892,48,2025-01-05T14:18:25Z,2025-01-05T14:18:25Z,13.05,82.46666666666667,1962.8,3.066,34.788,1,1
2903892,48,2025-01-05T14:18:25Z,2025-01-05T14:18:25Z,13.05,82.46666666666667,1987.8,2.976,34.784,1,1
2903892,48,2025-01-05T14:18:25Z,2025-01-05T14:18:25Z,13.05,82.46666666666667,2013.4,2.903,34.781,1,1
4903775,48,2025-01-01T14:22:27Z,2025-01-01T14:22:27Z,14.65,89.0,0.2,27.891,32.895,1,1
4903775,48,2025-01-01T14:22:27Z,2025-01-01T14:22:27Z,14.65,89.0,1.0,27.884,32.899,1,1
4903775,48,2025-01-01T14:22:27Z,2025-01-01T14:22:27Z,14.65,89.0,2.0,27.893,32.895,1,1
4903775,48,2025-01-01T14:22:27Z,2025-01-01T14:22:27Z,14.65,89.0,3.0,27.891,32.894,1,1
4903775,48,2025-01-01T14:22:27Z,2025-01-01T14:22:27Z,14.65,89.0,4.2,27.882,32.899,1,1
4903775,48,2025-01-01T14:22:27Z,2025-01-01T14:22:27Z,14.65,89.0,5.1,27.889,32.899,1,1
4903775,48,2025-01-01T14:22:27Z,2025-01-01T14:22:27Z,14.65,89.0,6.0,27.892,32.897,1,1
4903775,48,2025-01-01T14:22:27Z,2025-01-01T14:22:27Z,14.65,89.0,7.0,27.884,32.898,1,1
4903775,48,2025-01-01T14:22:27Z,2025-01-01T14:22:27Z,14.65,89.0,7.9,27.886,32.897,1,1
4903775,48,2025-01-01T14:22:27Z,2025-01-01T14:22:27Z,14.65,89.0,8.8,27.88,32.899,1,1
4903775,48,2025-01-01T14:22:27Z,2025-01-01T14:22:27Z,14.65,89.0,9.7,27.887,32.898,1,1
4903775,48,2025-01-01T14:22:27Z,2025-01-01T14:22:27Z,14.65,89.0,15.1,27.899,32.897,1,1
4903775,48,2025-01-01T14:22:27Z,2025-01-01T14:22:27Z,14.65,89.0,25.7,27.886,32.898,1,1
4903775,48,2025-01-01T14:22:27Z,2025-01-01T14:22:27Z,14.65,89.0,35.1,27.921,33.041,1,1
4903775,48,2025-01-01T14:22:27Z,2025-01-01T14:22:27Z,14.65,89.0,45.2,28.482,33.569,1,1
4903775,48,2025-01-01T14:22:27Z,2025-01-01T14:22:27Z,14.65,89.0,55.4,28.592,33.742,1,1
4903775,48,2025-01-01T14:22:27Z,2025-01-01T14:22:27Z,14.65,89.0,66.0,27.508,33.911,1,1
4903775,48,2025-01-01T14:22:27Z,2025-01-01T14:22:27Z,14.65,89.0,75.1,25.67,34.219,1,1
4903775,48,2025-01-01T14:22:27Z,2025-01-01T14:22:27Z,14.65,89.0,85.6,23.803,34.51,1,1
4903775,48,2025-01-01T14:22:27Z,2025-01-01T14:22:27Z,14.65,89.0,95.3,22.446,34.66,1,1
4903775,48,2025-01-01T14:22:27Z,2025-01-01T14:22:27Z,14.65,89.0,105.5,21.009,34.732,1,1
4903775,48,2025-01-01T14:22:27Z,2025-01-01T14:22:27Z,14.65,89.0,115.2,19.501,34.776,1,1
4903775,48,2025-01-01T14:22:27Z,2025-01-01T14:22:27Z,14.65,89.0,125.5,18.346,34.847,1,1
4903775,48,2025-01-01T14:22:27Z,2025-01-01T14:22:27Z,14.65,89.0,136.0,17.448,34.876,1,1
4903775,48,2025-01-01T14:22:27Z,2025-01-01T14:22:27Z,14.65,89.0,145.3,16.759,34.895,1,1
4903775,48,2025-01-01T14:22:27Z,2025-01-01T14:22:27Z,14.65,89.0,155.3,15.88,34.923,1,1
4903775,48,2025-01-01T14:22:27Z,2025-01-01T14:22:27Z,14.65,89.0,165.4,15.167,34.946,1,1
4903775,48,2025-01-01T14:22:27Z,2025-01-01T14:22:27Z,14.65,89.0,175.4,14.77,34.958,1,1
4903775,48,2025-01-01T14:22:27Z,2025-01-01T14:22:27Z,14.65,89.0,185.5,14.401,34.971,1,1
4903775,48,2025-01-01T14:22:27Z,2025-01-01T14:22:27Z,14.65,89.0,195.6,14.012,34.983,1,1
4903775,48,2025-01-01T14:22:27Z,2025-01-01T14:22:27Z,14.65,89.0,212.5,13.364,35.003,1,1
4903775,48,2025-01-01T14:22:27Z,2025-01-01T14:22:27Z,14.65,89.0,237.5,12.612,35.021,1,1
4903775,48,2025-01-01T14:22:27Z,2025-01-01T14:22:27Z,14.65,89.0,263.0,12.05,35.032,1,1
4903775,48,2025-01-01T14:22:27Z,2025-01-01T14:22:27Z,14.65,89.0,288.2,11.712,35.037,1,1
4903775,48,2025-01-01T14:22:27Z,2025-01-01T14:22:27Z,14.65,89.0,313.0,11.414,35.04,1,1
4903775,48,2025-01-01T14:22:27Z,2025-01-01T14:22:27Z,14.65,89.0,338.9,11.153,35.042,1,1
4903775,48,2025-01-01T14:22:27Z,2025-01-01T14:22:27Z,14.65,89.0,363.0,10.938,35.043,1,1
4903775,48,2025-01-01T14:22:27Z,2025-01-01T14:22:27Z,14.65,89.0,388.1,10.735,35.044,1,1
4903775,48,2025-01-01T14:22:27Z,2025-01-01T14:22:27Z,14.65,89.0,412.9,10.54,35.042,1,1
4903775,48,2025-01-01T14:22:27Z,2025-01-01T14:22:27Z,14.65,89.0,437.6,10.343,35.041,1,1
4903775,48,2025-01-01T14:22:27Z,2025-01-01T14:22:27Z,14.65,89.0,462.8,10.171,35.038,1,1
4903775,48,2025-01-01T14:22:27Z,2025-01-01T14:22:27Z,14.65,89.0,487.9,9.984,35.035,1,1
4903775,48,2025-01-01T14:22:27Z,2025-01-01T14:22:27Z,14.65,89.0,512.6,9.822,35.033,1,1
4903775,48,2025-01-01T14:22:27Z,2025-01-01T14:22:27Z,14.65,89.0,537.6,9.64,35.031,1,1
4903775,48,2025-01-01T14:22:27Z,2025-01-01T14:22:27Z,14.65,89.0,562.9,9.453,35.027,1,1
4903775,48,2025-01-01T14:22:27Z,2025-01-01T14:22:27Z,14.65,89.0,587.9,9.272,35.022,1,1
4903775,48,2025-01-01T14:22:27Z,2025-01-01T14:22:27Z,14.65,89.0,612.6,9.137,35.018,1,1
4903775,48,2025-01-01T14:22:27Z,2025-01-01T14:22:27Z,14.65,89.0,637.6,8.976,35.015,1,1
4903775,48,2025-01-01T14:22:27Z,2025-01-01T14:22:27Z,14.65,89.0,662.6,8.843,35.01,1,1
4903775,48,2025-01-01T14:22:27Z,2025-01-01T14:22:27Z,14.65,89.0,687.7,8.698,35.006,1,1
4903775,48,2025-01-01T14:22:27Z,2025-01-01T14:22:27Z,14.65,89.0,713.0,8.527,35.002,1,1
4903775,48,2025-01-01T14:22:27Z,2025-01-01T14:22:27Z,14.65,89.0,737.9,8.374,34.998,1,1
4903775,48,2025-01-01T14:22:27Z,2025-01-01T14:22:27Z,14.65,89.0,763.0,8.231,34.993,1,1
4903775,48,2025-01-01T14:22:27Z,2025-01-01T14:22:27Z,14.65,89.0,788.0,8.069,34.987,1,1
4903775,48,2025-01-01T14:22:27Z,2025-01-01T14:22:27Z,14.65,89.0,812.6,7.93,34.982,1,1
4903775,48,2025-01-01T14:22:27Z,2025-01-01T14:22:27Z,14.65,89.0,837.9,7.762,34.977,1,1
4903775,48,2025-01-01T14:22:27Z,2025-01-01T14:22:27Z,14.65,89.0,863.2,7.633,34.975,1,1
4903775,48,2025-01-01T14:22:27Z,2025-01-01T14:22:27Z,14.65,89.0,887.9,7.471,34.97,1,1
4903775,48,2025-01-01T14:22:27Z,2025-01-01T14:22:27Z,14.65,89.0,912.7,7.307,34.964,1,1
4903775,48,2025-01-01T14:22:27Z,2025-01-01T14:22:27Z,14.65,89.0,938.5,7.164,34.958,1,1
4903775,48,2025-01-01T14:22:27Z,2025-01-01T14:22:27Z,14.65,89.0,962.8,7.044,34.953,1,1
4903775,48,2025-01-01T14:22:27Z,2025-01-01T14:22:27Z,14.65,89.0,987.8,6.927,34.949,1,1
4903775,48,2025-01-01T14:22:27Z,2025-01-01T14:22:27Z,14.65,89.0,1013.0,6.805,34.944,1,1
4903775,48,2025-01-01T14:22:27Z,2025-01-01T14:22:27Z,14.65,89.0,1038.0,6.664,34.939,1,1
4903775,48,2025-01-01T14:22:27Z,2025-01-01T14:22:27Z,14.65,89.0,1062.6,6.559,34.935,1,1
4903775,48,2025-01-01T14:22:27Z,2025-01-01T14:22:27Z,14.65,89.0,1087.7,6.448,34.929,1,1
4903775,48,2025-01-01T14:22:27Z,2025-01-01T14:22:27Z,14.65,89.0,1112.8,6.346,34.924,1,1
4903775,48,2025-01-01T14:22:27Z,2025-01-01T14:22:27Z,14.65,89.0,1138.0,6.242,34.923,1,1
4903775,48,2025-01-01T14:22:27Z,2025-01-01T14:22:27Z,14.65,89.0,1162.9,6.122,34.918,1,1
4903775,48,2025-01-01T14:22:27Z,2025-01-01T14:22:27Z,14.65,89.0,1187.8,6.018,34.914,1,1
4903775,48,2025-01-01T14:22:27Z,2025-01-01T14:22:27Z,14.65,89.0,1212.8,5.922,34.91,1,1
4903775,48,2025-01-01T14:22:27Z,2025-01-01T14:22:27Z,14.65,89.0,1237.7,5.834,34.907,1,1
4903775,48,2025-01-01T14:22:27Z,2025-01-01T14:22:27Z,14.65,89.0,1262.8,5.749,34.904,1,1
4903775,48,2025-01-01T14:22:27Z,2025-01-01T14:22:27Z,14.65,89.0,1288.8,5.668,34.901,1,1
4903775,48,2025-01-01T14:22:27Z,2025-01-01T14:22:27Z,14.65,89.0,1312.7,5.569,34.896,1,1
4903775,48,2025-01-01T14:22:27Z,2025-01-01T14:22:27Z,14.65,89.0,1337.8,5.464,34.892,1,1
4903775,48,2025-01-01T14:22:27Z,2025-01-01T14:22:27Z,14.65,89.0,1362.8,5.375,34.888,1,1
4903775,48,2025-01-01T14:22:27Z,2025-01-01T14:22:27Z,14.65,89.0,1387.9,5.28,34.885,1,1
4903775,48,2025-01-01T14:22:27Z,2025-01-01T14:22:27Z,14.65,89.0,1412.9,5.181,34.881,1,1
4903775,48,2025-01-01T14:22:27Z,2025-01-01T14:22:27Z,14.65,89.0,1437.9,5.096,34.878,1,1
4903775,48,2025-01-01T14:22:27Z,2025-01-01T14:22:27Z,14.65,89.0,1462.8,5.02,34.876,1,1
4903775,48,2025-01-01T14:22:27Z,2025-01-01T14:22:27Z,14.65,89.0,1487.9,4.912,34.872,1,1
4903775,48,2025-01-01T14:22:27Z,2025-01-01T14:22:27Z,14.65,89.0,1513.2,4.802,34.868,1,1
4903775,48,2025-01-01T14:22:27Z,2025-01-01T14:22:27Z,14.65,89.0,1538.0,4.727,34.865,1,1
4903775,48,2025-01-01T14:22:27Z,2025-01-01T14:22:27Z,14.65,89.0,1562.9,4.62,34.861,1,1
4903775,48,2025-01-01T14:22:27Z,2025-01-01T14:22:27Z,14.65,89.0,1588.3,4.524,34.857,1,1
4903775,48,2025-01-01T14:22:27Z,2025-01-01T14:22:27Z,14.65,89.0,1613.5,4.415,34.853,1,1
4903775,48,2025-01-01T14:22:27Z,2025-01-01T14:22:27Z,14.65,89.0,1637.8,4.323,34.849,1,1
4903775,48,2025-01-01T14:22:27Z,2025-01-01T14:22:27Z,14.65,89.0,1663.1,4.222,34.845,1,1
4903775,48,2025-01-01T14:22:27Z,2025-01-01T14:22:27Z,14.65,89.0,1687.9,4.122,34.841,1,1
4903775,48,2025-01-01T14:22:27Z,2025-01-01T14:22:27Z,14.65,89.0,1712.8,3.986,34.836,1,1
4903775,48,2025-01-01T14:22:27Z,2025-01-01T14:22:27Z,14.65,89.0,1738.0,3.852,34.83,1,1
4903775,48,2025-01-01T14:22:27Z,2025-01-01T14:22:27Z,14.65,89.0,1762.8,3.753,34.826,1,1
4903775,48,2025-01-01T14:22:27Z,2025-01-01T14:22:27Z,14.65,89.0,1787.7,3.643,34.821,1,1
4903775,48,2025-01-01T14:22:27Z,2025-01-01T14:22:27Z,14.65,89.0,1812.7,3.549,34.817,1,1
4903775,48,2025-01-01T14:22:27Z,2025-01-01T14:22:27Z,14.65,89.0,1837.6,3.462,34.814,1,1
4903775,48,2025-01-01T14:22:27Z,2025-01-01T14:22:27Z,14.65,89.0,1862.6,3.356,34.81,1,1
4903775,48,2025-01-01T14:22:27Z,2025-01-01T14:22:27Z,14.65,89.0,1887.7,3.264,34.806,1,1
4903775,48,2025-01-01T14:22:27Z,2025-01-01T14:22:27Z,14.65,89.0,1913.5,3.174,34.802,1,1
4903775,48,2025-01-01T14:22:27Z,2025-01-01T14:22:27Z,14.65,89.0,1937.8,3.111,34.799,1,1
4903775,48,2025-01-01T14:22:27Z,2025-01-01T14:22:27Z,14.65,89.0,1962.9,3.046,34.796,1,1
4903775,48,2025-01-01T14:22:27Z,2025-01-01T14:22:27Z,14.65,89.0,1987.8,2.986,34.794,1,1
4903775,48,2025-01-01T14:22:27Z,2025-01-01T14:22:27Z,14.65,89.0,2012.5,2.912,34.79,1,1
4903775,48,2025-01-01T14:22:27Z,2025-01-01T14:22:27Z,14.65,89.0,2029.2,2.86,34.789,1,1
4903776,48,2025-01-03T14:20:04Z,2025-01-03T14:20:04Z,9.95,88.81666666666666,0.3,28.772,33.274,1,1
4903776,48,2025-01-03T14:20:04Z,2025-01-03T14:20:04Z,9.95,88.81666666666666,0.8,28.77,33.276,1,1
4903776,48,2025-01-03T14:20:04Z,2025-01-03T14:20:04Z,9.95,88.81666666666666,1.8,28.77,33.276,1,1
4903776,48,2025-01-03T14:20:04Z,2025-01-03T14:20:04Z,9.95,88.81666666666666,3.1,28.782,33.271,1,1
4903776,48,2025-01-03T14:20:04Z,2025-01-03T14:20:04Z,9.95,88.81666666666666,4.0,28.781,33.273,1,1
4903776,48,2025-01-03T14:20:04Z,2025-01-03T14:20:04Z,9.95,88.81666666666666,5.0,28.778,33.274,1,1
4903776,48,2025-01-03T14:20:04Z,2025-01-03T14:20:04Z,9.95,88.81666666666666,6.1,28.779,33.273,1,1
4903776,48,2025-01-03T14:20:04Z,2025-01-03T14:20:04Z,9.95,88.81666666666666,7.3,28.778,33.274,1,1
4903776,48,2025-01-03T14:20:04Z,2025-01-03T14:20:04Z,9.95,88.81666666666666,8.5,28.779,33.274,1,1
4903776,48,2025-01-03T14:20:04Z,2025-01-03T14:20:04Z,9.95,88.81666666666666,9.6,28.782,33.272,1,1
4903776,48,2025-01-03T14:20:04Z,2025-01-03T14:20:04Z,9.95,88.81666666666666,15.2,28.781,33.273,1,1
4903776,48,2025-01-03T14:20:04Z,2025-01-03T14:20:04Z,9.95,88.81666666666666,25.4,28.803,33.293,1,1
4903776,48,2025-01-03T14:20:04Z,2025-01-03T14:20:04Z,9.95,88.81666666666666,35.2,29.179,33.86,1,1
4903776,48,2025-01-03T14:20:04Z,2025-01-03T14:20:04Z,9.95,88.81666666666666,46.0,29.233,34.177,1,1
4903776,48,2025-01-03T14:20:04Z,2025-01-03T14:20:04Z,9.95,88.81666666666666,55.7,28.951,34.414,1,1
4903776,48,2025-01-03T14:20:04Z,2025-01-03T14:20:04Z,9.95,88.81666666666666,65.7,28.519,34.631,1,1
4903776,48,2025-01-03T14:20:04Z,2025-01-03T14:20:04Z,9.95,88.81666666666666,75.8,28.107,34.629,1,1
4903776,48,2025-01-03T14:20:04Z,2025-01-03T14:20:04Z,9.95,88.81666666666666,85.0,27.746,34.657,1,1
4903776,48,2025-01-03T14:20:04Z,2025-01-03T14:20:04Z,9.95,88.81666666666666,95.2,27.124,34.715,1,1
4903776,48,2025-01-03T14:20:04Z,2025-01-03T14:20:04Z,9.95,88.81666666666666,105.9,25.972,34.743,1,1
4903776,48,2025-01-03T14:20:04Z,2025-01-03T14:20:04Z,9.95,88.81666666666666,115.5,23.776,34.639,1,1
4903776,48,2025-01-03T14:20:04Z,2025-01-03T14:20:04Z,9.95,88.81666666666666,125.9,22.494,34.676,1,1
4903776,48,2025-01-03T14:20:04Z,2025-01-03T14:20:04Z,9.95,88.81666666666666,135.2,21.465,34.742,1,1
4903776,48,2025-01-03T14:20:04Z,2025-01-03T14:20:04Z,9.95,88.81666666666666,145.5,20.772,34.779,1,1
4903776,48,2025-01-03T14:20:04Z,2025-01-03T14:20:04Z,9.95,88.81666666666666,155.6,19.784,34.856,1,1
4903776,48,2025-01-03T14:20:04Z,2025-01-03T14:20:04Z,9.95,88.81666666666666,165.8,19.109,34.871,1,1
4903776,48,2025-01-03T14:20:04Z,2025-01-03T14:20:04Z,9.95,88.81666666666666,175.3,18.853,34.922,1,1
4903776,48,2025-01-03T14:20:04Z,2025-01-03T14:20:04Z,9.95,88.81666666666666,185.5,17.728,34.864,1,1
4903776,48,2025-01-03T14:20:04Z,2025-01-03T14:20:04Z,9.95,88.81666666666666,196.0,16.613,34.875,1,1
4903776,48,2025-01-03T14:20:04Z,2025-01-03T14:20:04Z,9.95,88.81666666666666,212.7,14.797,34.952,1,1
4903776,48,2025-01-03T14:20:04Z,2025-01-03T14:20:04Z,9.95,88.81666666666666,237.4,13.525,34.988,1,1
4903776,48,2025-01-03T14:20:04Z,2025-01-03T14:20:04Z,9.95,88.81666666666666,262.8,12.911,35.011,1,1
4903776,48,2025-01-03T14:20:04Z,2025-01-03T14:20:04Z,9.95,88.81666666666666,287.7,12.296,35.032,1,1
4903776,48,2025-01-03T14:20:04Z,2025-01-03T14:20:04Z,9.95,88.81666666666666,313.5,11.903,35.035,1,1
4903776,48,2025-01-03T14:20:04Z,2025-01-03T14:20:04Z,9.95,88.81666666666666,337.8,11.575,35.026,1,1
4903776,48,2025-01-03T14:20:04Z,2025-01-03T14:20:04Z,9.95,88.81666666666666,362.5,11.365,35.029,1,1
4903776,48,2025-01-03T14:20:04Z,2025-01-03T14:20:04Z,9.95,88.81666666666666,387.8,11.118,35.03,1,1
4903776,48,2025-01-03T14:20:04Z,2025-01-03T14:20:04Z,9.95,88.81666666666666,413.0,10.902,35.033,1,1
4903776,48,2025-01-03T14:20:04Z,2025-01-03T14:20:04Z,9.95,88.81666666666666,437.8,10.691,35.036,1,1
4903776,48,2025-01-03T14:20:04Z,2025-01-03T14:20:04Z,9.95,88.81666666666666,462.8,10.485,35.036,1,1
4903776,48,2025-01-03T14:20:04Z,2025-01-03T14:20:04Z,9.95,88.81666666666666,487.6,10.288,35.034,1,1
4903776,48,2025-01-03T14:20:04Z,2025-01-03T14:20:04Z,9.95,88.81666666666666,512.4,10.051,35.029,1,1
4903776,48,2025-01-03T14:20:04Z,2025-01-03T14:20:04Z,9.95,88.81666666666666,537.9,9.838,35.025,1,1
4903776,48,2025-01-03T14:20:04Z,2025-01-03T14:20:04Z,9.95,88.81666666666666,563.0,9.63,35.018,1,1
4903776,48,2025-01-03T14:20:04Z,2025-01-03T14:20:04Z,9.95,88.81666666666666,588.4,9.46,35.016,1,1
4903776,48,2025-01-03T14:20:04Z,2025-01-03T14:20:04Z,9.95,88.81666666666666,612.9,9.308,35.012,1,1
4903776,48,2025-01-03T14:20:04Z,2025-01-03T14:20:04Z,9.95,88.81666666666666,637.7,9.195,35.009,1,1
4903776,48,2025-01-03T14:20:04Z,2025-01-03T14:20:04Z,9.95,88.81666666666666,662.6,9.046,35.002,1,1
4903776,48,2025-01-03T14:20:04Z,2025-01-03T14:20:04Z,9.95,88.81666666666666,687.8,8.925,34.998,1,1
4903776,48,2025-01-03T14:20:04Z,2025-01-03T14:20:04Z,9.95,88.81666666666666,713.1,8.78,34.994,1,1
4903776,48,2025-01-03T14:20:04Z,2025-01-03T14:20:04Z,9.95,88.81666666666666,738.1,8.634,34.99,1,1
4903776,48,2025-01-03T14:20:04Z,2025-01-03T14:20:04Z,9.95,88.81666666666666,762.8,8.477,34.986,1,1
4903776,48,2025-01-03T14:20:04Z,2025-01-03T14:20:04Z,9.95,88.81666666666666,787.7,8.282,34.981,1,1
4903776,48,2025-01-03T14:20:04Z,2025-01-03T14:20:04Z,9.95,88.81666666666666,812.6,8.05,34.974,1,1
4903776,48,2025-01-03T14:20:04Z,2025-01-03T14:20:04Z,9.95,88.81666666666666,837.6,7.82,34.966,1,1
4903776,48,2025-01-03T14:20:04Z,2025-01-03T14:20:04Z,9.95,88.81666666666666,862.6,7.649,34.959,1,1
4903776,48,2025-01-03T14:20:04Z,2025-01-03T14:20:04Z,9.95,88.81666666666666,887.5,7.493,34.955,1,1
4903776,48,2025-01-03T14:20:04Z,2025-01-03T14:20:04Z,9.95,88.81666666666666,913.1,7.35,34.95,1,1
4903776,48,2025-01-03T14:20:04Z,2025-01-03T14:20:04Z,9.95,88.81666666666666,937.7,7.238,34.946,1,1
4903776,48,2025-01-03T14:20:04Z,2025-01-03T14:20:04Z,9.95,88.81666666666666,962.7,7.11,34.943,1,1
4903776,48,2025-01-03T14:20:04Z,2025-01-03T14:20:04Z,9.95,88.81666666666666,987.7,6.974,34.939,1,1
4903776,48,2025-01-03T14:20:04Z,2025-01-03T14:20:04Z,9.95,88.81666666666666,1012.9,6.826,34.934,1,1
4903776,48,2025-01-03T14:20:04Z,2025-01-03T14:20:04Z,9.95,88.81666666666666,1038.0,6.716,34.93,1,1
4903776,48,2025-01-03T14:20:04Z,2025-01-03T14:20:04Z,9.95,88.81666666666666,1062.9,6.605,34.926,1,1
4903776,48,2025-01-03T14:20:04Z,2025-01-03T14:20:04Z,9.95,88.81666666666666,1087.9,6.475,34.921,1,1
4903776,48,2025-01-03T14:20:04Z,2025-01-03T14:20:04Z,9.95,88.81666666666666,1113.1,6.324,34.915,1,1
4903776,48,2025-01-03T14:20:04Z,2025-01-03T14:20:04Z,9.95,88.81666666666666,1138.0,6.163,34.909,1,1
4903776,48,2025-01-03T14:20:04Z,2025-01-03T14:20:04Z,9.95,88.81666666666666,1162.8,6.046,34.905,1,1
4903776,48,2025-01-03T14:20:04Z,2025-01-03T14:20:04Z,9.95,88.81666666666666,1187.8,5.889,34.898,1,1
4903776,48,2025-01-03T14:20:04Z,2025-01-03T14:20:04Z,9.95,88.81666666666666,1212.8,5.766,34.894,1,1
4903776,48,2025-01-03T14:20:04Z,2025-01-03T14:20:04Z,9.95,88.81666666666666,1238.3,5.626,34.888,1,1
4903776,48,2025-01-03T14:20:04Z,2025-01-03T14:20:04Z,9.95,88.81666666666666,1262.8,5.51,34.884,1,1
4903776,48,2025-01-03T14:20:04Z,2025-01-03T14:20:04Z,9.95,88.81666666666666,1287.7,5.406,34.88,1,1
4903776,48,2025-01-03T14:20:04Z,2025-01-03T14:20:04Z,9.95,88.81666666666666,1313.0,5.303,34.876,1,1
4903776,48,2025-01-03T14:20:04Z,2025-01-03T14:20:04Z,9.95,88.81666666666666,1338.1,5.166,34.871,1,1
4903776,48,2025-01-03T14:20:04Z,2025-01-03T14:20:04Z,9.95,88.81666666666666,1362.9,5.062,34.867,1,1
4903776,48,2025-01-03T14:20:04Z,2025-01-03T14:20:04Z,9.95,88.81666666666666,1387.7,4.959,34.863,1,1
4903776,48,2025-01-03T14:20:04Z,2025-01-03T14:20:04Z,9.95,88.81666666666666,1412.5,4.838,34.859,1,1
4903776,48,2025-01-03T14:20:04Z,2025-01-03T14:20:04Z,9.95,88.81666666666666,1437.6,4.769,34.856,1,1
4903776,48,2025-01-03T14:20:04Z,2025-01-03T14:20:04Z,9.95,88.81666666666666,1462.8,4.668,34.852,1,1
4903776,48,2025-01-03T14:20:04Z,2025-01-03T14:20:04Z,9.95,88.81666666666666,1488.0,4.553,34.848,1,1
4903776,48,2025-01-03T14:20:04Z,2025-01-03T14:20:04Z,9.95,88.81666666666666,1512.7,4.429,34.843,1,1
4903776,48,2025-01-03T14:20:04Z,2025-01-03T14:20:04Z,9.95,88.81666666666666,1537.5,4.325,34.839,1,1
4903776,48,2025-01-03T14:20:04Z,2025-01-03T14:20:04Z,9.95,88.81666666666666,1562.9,4.253,34.837,1,1
4903776,48,2025-01-03T14:20:04Z,2025-01-03T14:20:04Z,9.95,88.81666666666666,1588.6,4.115,34.832,1,1
4903776,48,2025-01-03T14:20:04Z,2025-01-03T14:20:04Z,9.95,88.81666666666666,1613.1,4.015,34.828,1,1
4903776,48,2025-01-03T14:20:04Z,2025-01-03T14:20:04Z,9.95,88.81666666666666,1638.0,3.93,34.825,1,1
4903776,48,2025-01-03T14:20:04Z,2025-01-03T14:20:04Z,9.95,88.81666666666666,1662.7,3.808,34.82,1,1
4903776,48,2025-01-03T14:20:04Z,2025-01-03T14:20:04Z,9.95,88.81666666666666,1687.6,3.702,34.816,1,1
4903776,48,2025-01-03T14:20:04Z,2025-01-03T14:20:04Z,9.95,88.81666666666666,1712.9,3.608,34.812,1,1
4903776,48,2025-01-03T14:20:04Z,2025-01-03T14:20:04Z,9.95,88.81666666666666,1737.8,3.532,34.809,1,1
4903776,48,2025-01-03T14:20:04Z,2025-01-03T14:20:04Z,9.95,88.81666666666666,1762.7,3.451,34.805,1,1
4903776,48,2025-01-03T14:20:04Z,2025-01-03T14:20:04Z,9.95,88.81666666666666,1787.7,3.347,34.801,1,1
4903776,48,2025-01-03T14:20:04Z,2025-01-03T14:20:04Z,9.95,88.81666666666666,1812.6,3.26,34.797,1,1
4903776,48,2025-01-03T14:20:04Z,2025-01-03T14:20:04Z,9.95,88.81666666666666,1837.7,3.177,34.793,1,1
4903776,48,2025-01-03T14:20:04Z,2025-01-03T14:20:04Z,9.95,88.81666666666666,1863.2,3.086,34.79,1,1
4903776,48,2025-01-03T14:20:04Z,2025-01-03T14:20:04Z,9.95,88.81666666666666,1887.7,2.989,34.785,1,1
4903776,48,2025-01-03T14:20:04Z,2025-01-03T14:20:04Z,9.95,88.81666666666666,1912.6,2.909,34.782,1,1
4903776,48,2025-01-03T14:20:04Z,2025-01-03T14:20:04Z,9.95,88.81666666666666,1937.7,2.856,34.779,1,1
4903776,48,2025-01-03T14:20:04Z,2025-01-03T14:20:04Z,9.95,88.81666666666666,1962.8,2.819,34.778,1,1
4903776,48,2025-01-03T14:20:04Z,2025-01-03T14:20:04Z,9.95,88.81666666666666,1987.6,2.792,34.776,1,1
4903776,48,2025-01-03T14:20:04Z,2025-01-03T14:20:04Z,9.95,88.81666666666666,2013.1,2.764,34.775,1,1
4903776,48,2025-01-03T14:20:04Z,2025-01-03T14:20:04Z,9.95,88.81666666666666,2028.7,2.74,34.774,1,1
5907083,48,2025-01-01T13:58:32Z,2025-01-01T13:58:32Z,13.15,87.51666666666667,0.3,28.479,34.096,1,3
5907083,48,2025-01-01T13:58:32Z,2025-01-01T13:58:32Z,13.15,87.51666666666667,0.9,28.48,34.094,1,3
5907083,48,2025-01-01T13:58:32Z,2025-01-01T13:58:32Z,13.15,87.51666666666667,1.9,28.483,34.092,1,3
5907083,48,2025-01-01T13:58:32Z,2025-01-01T13:58:32Z,13.15,87.51666666666667,2.8,28.485,34.089,1,3
5907083,48,2025-01-01T13:58:32Z,2025-01-01T13:58:32Z,13.15,87.51666666666667,4.1,28.487,34.087,1,3
5907083,48,2025-01-01T13:58:32Z,2025-01-01T13:58:32Z,13.15,87.51666666666667,5.0,28.488,34.085,1,3
5907083,48,2025-01-01T13:58:32Z,2025-01-01T13:58:32Z,13.15,87.51666666666667,5.7,28.489,34.083,1,3
5907083,48,2025-01-01T13:58:32Z,2025-01-01T13:58:32Z,13.15,87.51666666666667,6.6,28.49,34.082,1,3
5907083,48,2025-01-01T13:58:32Z,2025-01-01T13:58:32Z,13.15,87.51666666666667,7.5,28.49,34.081,1,3
5907083,48,2025-01-01T13:58:32Z,2025-01-01T13:58:32Z,13.15,87.51666666666667,8.5,28.491,34.079,1,3
5907083,48,2025-01-01T13:58:32Z,2025-01-01T13:58:32Z,13.15,87.51666666666667,9.9,28.49,34.078,1,3
5907083,48,2025-01-01T13:58:32Z,2025-01-01T13:58:32Z,13.15,87.51666666666667,15.8,28.489,34.069,1,3
5907083,48,2025-01-01T13:58:32Z,2025-01-01T13:58:32Z,13.15,87.51666666666667,25.5,28.49,34.045,3,3
5907083,48,2025-01-01T13:58:32Z,2025-01-01T13:58:32Z,13.15,87.51666666666667,35.4,28.489,34.001,3,3
5907083,48,2025-01-01T13:58:32Z,2025-01-01T13:58:32Z,13.15,87.51666666666667,45.8,28.479,33.928,3,3
5907083,48,2025-01-01T13:58:32Z,2025-01-01T13:58:32Z,13.15,87.51666666666667,55.7,28.429,33.774,3,3
5907083,48,2025-01-01T13:58:32Z,2025-01-01T13:58:32Z,13.15,87.51666666666667,65.1,28.102,33.517,3,3
5907083,48,2025-01-01T13:58:32Z,2025-01-01T13:58:32Z,13.15,87.51666666666667,75.6,26.863,33.335,3,3
5907083,48,2025-01-01T13:58:32Z,2025-01-01T13:58:32Z,13.15,87.51666666666667,85.3,24.795,33.415,1,3
5907083,48,2025-01-01T13:58:32Z,2025-01-01T13:58:32Z,13.15,87.51666666666667,95.0,23.145,33.509,1,3
5907083,48,2025-01-01T13:58:32Z,2025-01-01T13:58:32Z,13.15,87.51666666666667,105.6,21.967,33.515,1,3
5907083,48,2025-01-01T13:58:32Z,2025-01-01T13:58:32Z,13.15,87.51666666666667,115.3,20.638,33.557,1,3
5907083,48,2025-01-01T13:58:32Z,2025-01-01T13:58:32Z,13.15,87.51666666666667,125.8,19.423,33.634,1,3
5907083,48,2025-01-01T13:58:32Z,2025-01-01T13:58:32Z,13.15,87.51666666666667,134.8,18.299,33.709,1,3
5907083,48,2025-01-01T13:58:32Z,2025-01-01T13:58:32Z,13.15,87.51666666666667,145.7,17.411,33.786,1,3
5907083,48,2025-01-01T13:58:32Z,2025-01-01T13:58:32Z,13.15,87.51666666666667,155.4,16.759,33.795,1,3
5907083,48,2025-01-01T13:58:32Z,2025-01-01T13:58:32Z,13.15,87.51666666666667,165.5,16.132,33.809,1,3
5907083,48,2025-01-01T13:58:32Z,2025-01-01T13:58:32Z,13.15,87.51666666666667,175.3,15.547,33.842,1,3
5907083,48,2025-01-01T13:58:32Z,2025-01-01T13:58:32Z,13.15,87.51666666666667,185.2,15.087,33.865,1,3
5907083,48,2025-01-01T13:58:32Z,2025-01-01T13:58:32Z,13.15,87.51666666666667,195.5,14.654,33.87,1,3
5907083,48,2025-01-01T13:58:32Z,2025-01-01T13:58:32Z,13.15,87.51666666666667,212.8,14.016,33.873,1,3
5907083,48,2025-01-01T13:58:32Z,2025-01-01T13:58:32Z,13.15,87.51666666666667,238.0,13.067,33.935,1,3
5907083,48,2025-01-01T13:58:32Z,2025-01-01T13:58:32Z,13.15,87.51666666666667,263.2,12.317,33.997,1,3
5907083,48,2025-01-01T13:58:32Z,2025-01-01T13:58:32Z,13.15,87.51666666666667,287.3,11.801,34.034,1,3
5907083,48,2025-01-01T13:58:32Z,2025-01-01T13:58:32Z,13.15,87.51666666666667,313.0,11.441,34.054,1,3
5907083,48,2025-01-01T13:58:32Z,2025-01-01T13:58:32Z,13.15,87.51666666666667,338.4,11.212,34.072,1,3
5907083,48,2025-01-01T13:58:32Z,2025-01-01T13:58:32Z,13.15,87.51666666666667,363.0,11.022,34.07,1,3
5907083,48,2025-01-01T13:58:32Z,2025-01-01T13:58:32Z,13.15,87.51666666666667,388.3,10.815,34.082,1,3
5907083,48,2025-01-01T13:58:32Z,2025-01-01T13:58:32Z,13.15,87.51666666666667,412.7,10.624,34.08,1,3
5907083,48,2025-01-01T13:58:32Z,2025-01-01T13:58:32Z,13.15,87.51666666666667,437.6,10.409,34.093,1,3
5907083,48,2025-01-01T13:58:32Z,2025-01-01T13:58:32Z,13.15,87.51666666666667,463.1,10.268,34.092,1,3
5907083,48,2025-01-01T13:58:32Z,2025-01-01T13:58:32Z,13.15,87.51666666666667,488.0,10.122,34.091,1,3
5907083,48,2025-01-01T13:58:32Z,2025-01-01T13:58:32Z,13.15,87.51666666666667,512.9,9.964,34.085,1,3
5907083,48,2025-01-01T13:58:32Z,2025-01-01T13:58:32Z,13.15,87.51666666666667,537.9,9.771,34.087,1,3
5907083,48,2025-01-01T13:58:32Z,2025-01-01T13:58:32Z,13.15,87.51666666666667,562.8,9.59,34.093,1,3
5907083,48,2025-01-01T13:58:32Z,2025-01-01T13:58:32Z,13.15,87.51666666666667,588.6,9.427,34.095,1,3
5907083,48,2025-01-01T13:58:32Z,2025-01-01T13:58:32Z,13.15,87.51666666666667,612.8,9.27,34.093,1,3
5907083,48,2025-01-01T13:58:32Z,2025-01-01T13:58:32Z,13.15,87.51666666666667,638.0,9.079,34.084,1,3
5907083,48,2025-01-01T13:58:32Z,2025-01-01T13:58:32Z,13.15,87.51666666666667,662.8,8.866,34.092,1,3
5907083,48,2025-01-01T13:58:32Z,2025-01-01T13:58:32Z,13.15,87.51666666666667,687.7,8.708,34.101,1,3
5907083,48,2025-01-01T13:58:32Z,2025-01-01T13:58:32Z,13.15,87.51666666666667,712.6,8.565,34.1,1,3
5907083,48,2025-01-01T13:58:32Z,2025-01-01T13:58:32Z,13.15,87.51666666666667,738.1,8.425,34.093,1,3
5907083,48,2025-01-01T13:58:32Z,2025-01-01T13:58:32Z,13.15,87.51666666666667,763.1,8.251,34.091,1,3
5907083,48,2025-01-01T13:58:32Z,2025-01-01T13:58:32Z,13.15,87.51666666666667,788.1,8.065,34.097,1,3
5907083,48,2025-01-01T13:58:32Z,2025-01-01T13:58:32Z,13.15,87.51666666666667,813.2,7.89,34.092,1,3
5907083,48,2025-01-01T13:58:32Z,2025-01-01T13:58:32Z,13.15,87.51666666666667,837.8,7.709,34.098,1,3
5907083,48,2025-01-01T13:58:32Z,2025-01-01T13:58:32Z,13.15,87.51666666666667,862.8,7.551,34.101,1,3
5907083,48,2025-01-01T13:58:32Z,2025-01-01T13:58:32Z,13.15,87.51666666666667,888.0,7.414,34.105,1,3
5907083,48,2025-01-01T13:58:32Z,2025-01-01T13:58:32Z,13.15,87.51666666666667,913.1,7.288,34.104,1,3
5907083,48,2025-01-01T13:58:32Z,2025-01-01T13:58:32Z,13.15,87.51666666666667,938.2,7.165,34.1,1,3
5907083,48,2025-01-01T13:58:32Z,2025-01-01T13:58:32Z,13.15,87.51666666666667,962.9,7.014,34.092,1,3
5907083,48,2025-01-01T13:58:32Z,2025-01-01T13:58:32Z,13.15,87.51666666666667,987.6,6.826,34.095,1,3
5907083,48,2025-01-01T13:58:32Z,2025-01-01T13:58:32Z,13.15,87.51666666666667,1012.7,6.639,34.105,1,3
5907083,48,2025-01-01T13:58:32Z,2025-01-01T13:58:32Z,13.15,87.51666666666667,1038.3,6.486,34.113,1,3
5907083,48,2025-01-01T13:58:32Z,2025-01-01T13:58:32Z,13.15,87.51666666666667,1062.5,6.341,34.107,1,3
5907083,48,2025-01-01T13:58:32Z,2025-01-01T13:58:32Z,13.15,87.51666666666667,1087.5,6.175,34.114,1,3
5907083,48,2025-01-01T13:58:32Z,2025-01-01T13:58:32Z,13.15,87.51666666666667,1112.6,6.064,34.119,1,3
5907083,48,2025-01-01T13:58:32Z,2025-01-01T13:58:32Z,13.15,87.51666666666667,1137.6,5.962,34.117,1,3
5907083,48,2025-01-01T13:58:32Z,2025-01-01T13:58:32Z,13.15,87.51666666666667,1162.4,5.864,34.12,1,3
5907083,48,2025-01-01T13:58:32Z,2025-01-01T13:58:32Z,13.15,87.51666666666667,1187.7,5.769,34.118,1,3
5907083,48,2025-01-01T13:58:32Z,2025-01-01T13:58:32Z,13.15,87.51666666666667,1213.2,5.66,34.121,1,3
5907083,48,2025-01-01T13:58:32Z,2025-01-01T13:58:32Z,13.15,87.51666666666667,1238.5,5.573,34.125,1,3
5907083,48,2025-01-01T13:58:32Z,2025-01-01T13:58:32Z,13.15,87.51666666666667,1263.1,5.486,34.126,1,3
5907083,48,2025-01-01T13:58:32Z,2025-01-01T13:58:32Z,13.15,87.51666666666667,1287.8,5.397,34.126,1,3
5907083,48,2025-01-01T13:58:32Z,2025-01-01T13:58:32Z,13.15,87.51666666666667,1313.1,5.296,34.126,1,3
5907083,48,2025-01-01T13:58:32Z,2025-01-01T13:58:32Z,13.15,87.51666666666667,1338.9,5.192,34.129,1,3
5907083,48,2025-01-01T13:58:32Z,2025-01-01T13:58:32Z,13.15,87.51666666666667,1362.7,5.088,34.135,1,3
5907083,48,2025-01-01T13:58:32Z,2025-01-01T13:58:32Z,13.15,87.51666666666667,1387.7,5.007,34.136,1,3
5907083,48,2025-01-01T13:58:32Z,2025-01-01T13:58:32Z,13.15,87.51666666666667,1412.7,4.919,34.135,1,3
5907083,48,2025-01-01T13:58:32Z,2025-01-01T13:58:32Z,13.15,87.51666666666667,1437.6,4.838,34.126,1,3
5907083,48,2025-01-01T13:58:32Z,2025-01-01T13:58:32Z,13.15,87.51666666666667,1462.6,4.717,34.124,1,3
5907083,48,2025-01-01T13:58:32Z,2025-01-01T13:58:32Z,13.15,87.51666666666667,1487.9,4.6,34.127,1,3
5907083,48,2025-01-01T13:58:32Z,2025-01-01T13:58:32Z,13.15,87.51666666666667,1513.3,4.494,34.127,1,3
5907083,48,2025-01-01T13:58:32Z,2025-01-01T13:58:32Z,13.15,87.51666666666667,1538.2,4.381,34.125,1,3
5907083,48,2025-01-01T13:58:32Z,2025-01-01T13:58:32Z,13.15,87.51666666666667,1563.1,4.265,34.122,1,3
5907083,48,2025-01-01T13:58:32Z,2025-01-01T13:58:32Z,13.15,87.51666666666667,1587.9,4.128,34.127,1,3
5907083,48,2025-01-01T13:58:32Z,2025-01-01T13:58:32Z,13.15,87.51666666666667,1613.6,4.004,34.138,1,3
5907083,48,2025-01-01T13:58:32Z,2025-01-01T13:58:32Z,13.15,87.51666666666667,1637.9,3.915,34.139,1,3
5907083,48,2025-01-01T13:58:32Z,2025-01-01T13:58:32Z,13.15,87.51666666666667,1662.8,3.826,34.133,1,3
5907083,48,2025-01-01T13:58:32Z,2025-01-01T13:58:32Z,13.15,87.51666666666667,1687.4,3.719,34.129,1,3
5907083,48,2025-01-01T13:58:32Z,2025-01-01T13:58:32Z,13.15,87.51666666666667,1712.8,3.597,34.135,1,3
5907083,48,2025-01-01T13:58:32Z,2025-01-01T13:58:32Z,13.15,87.51666666666667,1738.1,3.495,34.138,1,3
5907083,48,2025-01-01T13:58:32Z,2025-01-01T13:58:32Z,13.15,87.51666666666667,1762.9,3.408,34.145,1,3
5907083,48,2025-01-01T13:58:32Z,2025-01-01T13:58:32Z,13.15,87.51666666666667,1787.9,3.34,34.144,1,3
5907083,48,2025-01-01T13:58:32Z,2025-01-01T13:58:32Z,13.15,87.51666666666667,1813.1,3.26,34.146,1,3
5907083,48,2025-01-01T13:58:32Z,2025-01-01T13:58:32Z,13.15,87.51666666666667,1838.0,3.186,34.146,1,3
5907083,48,2025-01-01T13:58:32Z,2025-01-01T13:58:32Z,13.15,87.51666666666667,1862.7,3.11,34.147,1,3
5907083,48,2025-01-01T13:58:32Z,2025-01-01T13:58:32Z,13.15,87.51666666666667,1887.9,3.029,34.156,1,3
5907083,48,2025-01-01T13:58:32Z,2025-01-01T13:58:32Z,13.15,87.51666666666667,1912.6,2.965,34.156,1,3
5907083,48,2025-01-01T13:58:32Z,2025-01-01T13:58:32Z,13.15,87.51666666666667,1938.0,2.904,34.16,1,3
5907083,48,2025-01-01T13:58:32Z,2025-01-01T13:58:32Z,13.15,87.51666666666667,1963.1,2.851,34.158,1,3
5907083,48,2025-01-01T13:58:32Z,2025-01-01T13:58:32Z,13.15,87.51666666666667,1988.0,2.789,34.166,1,3
5907083,48,2025-01-01T13:58:32Z,2025-01-01T13:58:32Z,13.15,87.51666666666667,2003.6,2.772,34.172,1,3
5907140,1,2025-01-07T14:51:04Z,2025-01-07T14:51:04Z,9.033333333333333,84.86666666666666,0.1,28.9,34.201,1,1
5907140,1,2025-01-07T14:51:04Z,2025-01-07T14:51:04Z,9.033333333333333,84.86666666666666,0.9,28.907,34.196,1,1
5907140,1,2025-01-07T14:51:04Z,2025-01-07T14:51:04Z,9.033333333333333,84.86666666666666,1.7,28.907,34.197,1,1
5907140,1,2025-01-07T14:51:04Z,2025-01-07T14:51:04Z,9.033333333333333,84.86666666666666,3.0,28.907,34.197,1,1
5907140,1,2025-01-07T14:51:04Z,2025-01-07T14:51:04Z,9.033333333333333,84.86666666666666,4.3,28.907,34.198,1,1
5907140,1,2025-01-07T14:51:04Z,2025-01-07T14:51:04Z,9.033333333333333,84.86666666666666,5.1,28.908,34.197,1,1
5907140,1,2025-01-07T14:51:04Z,2025-01-07T14:51:04Z,9.033333333333333,84.86666666666666,6.0,28.906,34.198,1,1
5907140,1,2025-01-07T14:51:04Z,2025-01-07T14:51:04Z,9.033333333333333,84.86666666666666,6.8,28.912,34.197,1,1
5907140,1,2025-01-07T14:51:04Z,2025-01-07T14:51:04Z,9.033333333333333,84.86666666666666,7.9,28.913,34.197,1,1
5907140,1,2025-01-07T14:51:04Z,2025-01-07T14:51:04Z,9.033333333333333,84.86666666666666,9.1,28.91,34.197,1,1
5907140,1,2025-01-07T14:51:04Z,2025-01-07T14:51:04Z,9.033333333333333,84.86666666666666,9.8,28.907,34.196,1,1
5907140,1,2025-01-07T14:51:04Z,2025-01-07T14:51:04Z,9.033333333333333,84.86666666666666,15.3,28.91,34.197,1,1
5907140,1,2025-01-07T14:51:04Z,2025-01-07T14:51:04Z,9.033333333333333,84.86666666666666,26.0,28.915,34.197,1,1
5907140,1,2025-01-07T14:51:04Z,2025-01-07T14:51:04Z,9.033333333333333,84.86666666666666,35.0,28.909,34.336,1,1
5907140,1,2025-01-07T14:51:04Z,2025-01-07T14:51:04Z,9.033333333333333,84.86666666666666,45.7,29.125,35.248,1,1
5907140,1,2025-01-07T14:51:04Z,2025-01-07T14:51:04Z,9.033333333333333,84.86666666666666,55.7,29.182,35.496,1,1
5907140,1,2025-01-07T14:51:04Z,2025-01-07T14:51:04Z,9.033333333333333,84.86666666666666,65.6,28.829,35.48,1,1
5907140,1,2025-01-07T14:51:04Z,2025-01-07T14:51:04Z,9.033333333333333,84.86666666666666,75.0,27.478,35.323,1,1
5907140,1,2025-01-07T14:51:04Z,2025-01-07T14:51:04Z,9.033333333333333,84.86666666666666,85.2,25.109,35.023,1,1
5907140,1,2025-01-07T14:51:04Z,2025-01-07T14:51:04Z,9.033333333333333,84.86666666666666,95.6,23.456,34.931,1,1
5907140,1,2025-01-07T14:51:04Z,2025-01-07T14:51:04Z,9.033333333333333,84.86666666666666,104.7,21.672,34.942,1,1
5907140,1,2025-01-07T14:51:04Z,2025-01-07T14:51:04Z,9.033333333333333,84.86666666666666,115.1,20.866,34.915,1,1
5907140,1,2025-01-07T14:51:04Z,2025-01-07T14:51:04Z,9.033333333333333,84.86666666666666,125.4,19.876,34.915,1,1
5907140,1,2025-01-07T14:51:04Z,2025-01-07T14:51:04Z,9.033333333333333,84.86666666666666,135.2,18.664,34.899,1,1
5907140,1,2025-01-07T14:51:04Z,2025-01-07T14:51:04Z,9.033333333333333,84.86666666666666,145.3,17.78,34.943,1,1
5907140,1,2025-01-07T14:51:04Z,2025-01-07T14:51:04Z,9.033333333333333,84.86666666666666,155.3,17.274,34.965,1,1
5907140,1,2025-01-07T14:51:04Z,2025-01-07T14:51:04Z,9.033333333333333,84.86666666666666,165.4,17.064,35.04,1,1
5907140,1,2025-01-07T14:51:04Z,2025-01-07T14:51:04Z,9.033333333333333,84.86666666666666,175.2,16.659,35.043,1,1
5907140,1,2025-01-07T14:51:04Z,2025-01-07T14:51:04Z,9.033333333333333,84.86666666666666,185.2,16.253,35.031,1,1
5907140,1,2025-01-07T14:51:04Z,2025-01-07T14:51:04Z,9.033333333333333,84.86666666666666,195.6,15.859,35.02,1,1
5907140,1,2025-01-07T14:51:04Z,2025-01-07T14:51:04Z,9.033333333333333,84.86666666666666,212.7,15.101,35.014,1,1
5907140,1,2025-01-07T14:51:04Z,2025-01-07T14:51:04Z,9.033333333333333,84.86666666666666,237.9,14.3,35.035,1,1
5907140,1,2025-01-07T14:51:04Z,2025-01-07T14:51:04Z,9.033333333333333,84.86666666666666,262.6,13.538,35.059,1,1
5907140,1,2025-01-07T14:51:04Z,2025-01-07T14:51:04Z,9.033333333333333,84.86666666666666,287.7,12.925,35.049,1,1
5907140,1,2025-01-07T14:51:04Z,2025-01-07T14:51:04Z,9.033333333333333,84.86666666666666,312.7,12.349,35.046,1,1
5907140,1,2025-01-07T14:51:04Z,2025-01-07T14:51:04Z,9.033333333333333,84.86666666666666,338.2,11.896,35.048,1,1
5907140,1,2025-01-07T14:51:04Z,2025-01-07T14:51:04Z,9.033333333333333,84.86666666666666,362.9,11.589,35.044,1,1
5907140,1,2025-01-07T14:51:04Z,2025-01-07T14:51:04Z,9.033333333333333,84.86666666666666,388.3,11.354,35.047,1,1
5907140,1,2025-01-07T14:51:04Z,2025-01-07T14:51:04Z,9.033333333333333,84.86666666666666,413.1,11.159,35.055,1,1
5907140,1,2025-01-07T14:51:04Z,2025-01-07T14:51:04Z,9.033333333333333,84.86666666666666,437.6,10.869,35.055,1,1
5907140,1,2025-01-07T14:51:04Z,2025-01-07T14:51:04Z,9.033333333333333,84.86666666666666,462.7,10.626,35.05,1,1
5907140,1,2025-01-07T14:51:04Z,2025-01-07T14:51:04Z,9.033333333333333,84.86666666666666,488.0,10.429,35.042,1,1
5907140,1,2025-01-07T14:51:04Z,2025-01-07T14:51:04Z,9.033333333333333,84.86666666666666,512.8,10.246,35.04,1,1
5907140,1,2025-01-07T14:51:04Z,2025-01-07T14:51:04Z,9.033333333333333,84.86666666666666,537.8,10.033,35.036,1,1
5907140,1,2025-01-07T14:51:04Z,2025-01-07T14:51:04Z,9.033333333333333,84.86666666666666,563.1,9.832,35.033,1,1
5907140,1,2025-01-07T14:51:04Z,2025-01-07T14:51:04Z,9.033333333333333,84.86666666666666,587.7,9.627,35.032,1,1
5907140,1,2025-01-07T14:51:04Z,2025-01-07T14:51:04Z,9.033333333333333,84.86666666666666,613.4,9.457,35.027,1,1
5907140,1,2025-01-07T14:51:04Z,2025-01-07T14:51:04Z,9.033333333333333,84.86666666666666,637.8,9.245,35.022,1,1
5907140,1,2025-01-07T14:51:04Z,2025-01-07T14:51:04Z,9.033333333333333,84.86666666666666,662.9,9.053,35.019,1,1
5907140,1,2025-01-07T14:51:04Z,2025-01-07T14:51:04Z,9.033333333333333,84.86666666666666,687.9,8.853,35.012,1,1
5907140,1,2025-01-07T14:51:04Z,2025-01-07T14:51:04Z,9.033333333333333,84.86666666666666,712.6,8.677,35.007,1,1
5907140,1,2025-01-07T14:51:04Z,2025-01-07T14:51:04Z,9.033333333333333,84.86666666666666,737.7,8.508,35.001,1,1
5907140,1,2025-01-07T14:51:04Z,2025-01-07T14:51:04Z,9.033333333333333,84.86666666666666,762.7,8.383,34.996,1,1
5907140,1,2025-01-07T14:51:04Z,2025-01-07T14:51:04Z,9.033333333333333,84.86666666666666,788.0,8.211,34.99,1,1
5907140,1,2025-01-07T14:51:04Z,2025-01-07T14:51:04Z,9.033333333333333,84.86666666666666,813.0,7.992,34.982,1,1
5907140,1,2025-01-07T14:51:04Z,2025-01-07T14:51:04Z,9.033333333333333,84.86666666666666,837.8,7.833,34.976,1,1
5907140,1,2025-01-07T14:51:04Z,2025-01-07T14:51:04Z,9.033333333333333,84.86666666666666,863.2,7.696,34.972,1,1
5907140,1,2025-01-07T14:51:04Z,2025-01-07T14:51:04Z,9.033333333333333,84.86666666666666,887.9,7.522,34.966,1,1
5907140,1,2025-01-07T14:51:04Z,2025-01-07T14:51:04Z,9.033333333333333,84.86666666666666,912.8,7.405,34.962,1,1
5907140,1,2025-01-07T14:51:04Z,2025-01-07T14:51:04Z,9.033333333333333,84.86666666666666,937.8,7.301,34.959,1,1
5907140,1,2025-01-07T14:51:04Z,2025-01-07T14:51:04Z,9.033333333333333,84.86666666666666,962.9,7.169,34.955,1,1
5907140,1,2025-01-07T14:51:04Z,2025-01-07T14:51:04Z,9.033333333333333,84.86666666666666,987.9,7.024,34.949,1,1
5907140,1,2025-01-07T14:51:04Z,2025-01-07T14:51:04Z,9.033333333333333,84.86666666666666,1012.7,6.843,34.942,1,1
5907140,1,2025-01-07T14:51:04Z,2025-01-07T14:51:04Z,9.033333333333333,84.86666666666666,1037.7,6.697,34.936,1,1
5907140,1,2025-01-07T14:51:04Z,2025-01-07T14:51:04Z,9.033333333333333,84.86666666666666,1062.8,6.507,34.928,1,1
5907140,1,2025-01-07T14:51:04Z,2025-01-07T14:51:04Z,9.033333333333333,84.86666666666666,1087.6,6.343,34.922,1,1
5907140,1,2025-01-07T14:51:04Z,2025-01-07T14:51:04Z,9.033333333333333,84.86666666666666,1112.7,6.148,34.915,1,1
5907140,1,2025-01-07T14:51:04Z,2025-01-07T14:51:04Z,9.033333333333333,84.86666666666666,1137.9,5.964,34.908,1,1
5907140,1,2025-01-07T14:51:04Z,2025-01-07T14:51:04Z,9.033333333333333,84.86666666666666,1163.3,5.831,34.902,1,1
5907140,1,2025-01-07T14:51:04Z,2025-01-07T14:51:04Z,9.033333333333333,84.86666666666666,1187.6,5.727,34.899,1,1
5907140,1,2025-01-07T14:51:04Z,2025-01-07T14:51:04Z,9.033333333333333,84.86666666666666,1212.7,5.642,34.895,1,1
5907140,1,2025-01-07T14:51:04Z,2025-01-07T14:51:04Z,9.033333333333333,84.86666666666666,1237.9,5.565,34.892,1,1
5907140,1,2025-01-07T14:51:04Z,2025-01-07T14:51:04Z,9.033333333333333,84.86666666666666,1263.0,5.506,34.89,1,1
5907140,1,2025-01-07T14:51:04Z,2025-01-07T14:51:04Z,9.033333333333333,84.86666666666666,1288.2,5.416,34.887,1,1
5907140,1,2025-01-07T14:51:04Z,2025-01-07T14:51:04Z,9.033333333333333,84.86666666666666,1313.0,5.339,34.884,1,1
5907140,1,2025-01-07T14:51:04Z,2025-01-07T14:51:04Z,9.033333333333333,84.86666666666666,1338.0,5.243,34.88,1,1
5907140,1,2025-01-07T14:51:04Z,2025-01-07T14:51:04Z,9.033333333333333,84.86666666666666,1362.8,5.111,34.875,1,1
5907140,1,2025-01-07T14:51:04Z,2025-01-07T14:51:04Z,9.033333333333333,84.86666666666666,1388.5,4.995,34.871,1,1
5907140,1,2025-01-07T14:51:04Z,2025-01-07T14:51:04Z,9.033333333333333,84.86666666666666,1412.8,4.9,34.867,1,1
5907140,1,2025-01-07T14:51:04Z,2025-01-07T14:51:04Z,9.033333333333333,84.86666666666666,1438.2,4.805,34.863,1,1
5907140,1,2025-01-07T14:51:04Z,2025-01-07T14:51:04Z,9.033333333333333,84.86666666666666,1462.7,4.692,34.86,1,1
5907140,1,2025-01-07T14:51:04Z,2025-01-07T14:51:04Z,9.033333333333333,84.86666666666666,1488.1,4.632,34.858,1,1
5907140,1,2025-01-07T14:51:04Z,2025-01-07T14:51:04Z,9.033333333333333,84.86666666666666,1512.6,4.523,34.853,1,1
5907140,1,2025-01-07T14:51:04Z,2025-01-07T14:51:04Z,9.033333333333333,84.86666666666666,1537.6,4.448,34.851,1,1
5907140,1,2025-01-07T14:51:04Z,2025-01-07T14:51:04Z,9.033333333333333,84.86666666666666,1562.9,4.328,34.846,1,1
5907140,1,2025-01-07T14:51:04Z,2025-01-07T14:51:04Z,9.033333333333333,84.86666666666666,1587.9,4.221,34.841,1,1
5907140,1,2025-01-07T14:51:04Z,2025-01-07T14:51:04Z,9.033333333333333,84.86666666666666,1612.9,4.13,34.838,1,1
5907140,1,2025-01-07T14:51:04Z,2025-01-07T14:51:04Z,9.033333333333333,84.86666666666666,1637.7,4.028,34.834,1,1
5907140,1,2025-01-07T14:51:04Z,2025-01-07T14:51:04Z,9.033333333333333,84.86666666666666,1662.9,3.937,34.83,1,1
5907140,1,2025-01-07T14:51:04Z,2025-01-07T14:51:04Z,9.033333333333333,84.86666666666666,1688.0,3.847,34.827,1,1
5907140,1,2025-01-07T14:51:04Z,2025-01-07T14:51:04Z,9.033333333333333,84.86666666666666,1712.7,3.751,34.823,1,1
5907140,1,2025-01-07T14:51:04Z,2025-01-07T14:51:04Z,9.033333333333333,84.86666666666666,1737.8,3.647,34.818,1,1
5907140,1,2025-01-07T14:51:04Z,2025-01-07T14:51:04Z,9.033333333333333,84.86666666666666,1762.8,3.548,34.814,1,1
5907140,1,2025-01-07T14:51:04Z,2025-01-07T14:51:04Z,9.033333333333333,84.86666666666666,1787.9,3.472,34.811,1,1
5907140,1,2025-01-07T14:51:04Z,2025-01-07T14:51:04Z,9.033333333333333,84.86666666666666,1813.3,3.386,34.807,1,1
5907140,1,2025-01-07T14:51:04Z,2025-01-07T14:51:04Z,9.033333333333333,84.86666666666666,1837.8,3.3,34.803,1,1
5907140,1,2025-01-07T14:51:04Z,2025-01-07T14:51:04Z,9.033333333333333,84.86666666666666,1863.3,3.196,34.799,1,1
5907140,1,2025-01-07T14:51:04Z,2025-01-07T14:51:04Z,9.033333333333333,84.86666666666666,1887.8,3.128,34.796,1,1
5907140,1,2025-01-07T14:51:04Z,2025-01-07T14:51:04Z,9.033333333333333,84.86666666666666,1915.0,3.054,34.792,1,1
6990608,62,2025-01-05T13:55:56Z,2025-01-05T13:55:56Z,7.616666666666667,87.4,0.2,28.459,33.439,1,1
6990608,62,2025-01-05T13:55:56Z,2025-01-05T13:55:56Z,7.616666666666667,87.4,1.0,28.456,33.442,1,1
6990608,62,2025-01-05T13:55:56Z,2025-01-05T13:55:56Z,7.616666666666667,87.4,1.8,28.458,33.44,1,1
6990608,62,2025-01-05T13:55:56Z,2025-01-05T13:55:56Z,7.616666666666667,87.4,2.7,28.457,33.442,1,1
6990608,62,2025-01-05T13:55:56Z,2025-01-05T13:55:56Z,7.616666666666667,87.4,3.5,28.461,33.441,1,1
6990608,62,2025-01-05T13:55:56Z,2025-01-05T13:55:56Z,7.616666666666667,87.4,4.9,28.461,33.442,1,1
6990608,62,2025-01-05T13:55:56Z,2025-01-05T13:55:56Z,7.616666666666667,87.4,6.4,28.461,33.443,1,1
6990608,62,2025-01-05T13:55:56Z,2025-01-05T13:55:56Z,7.616666666666667,87.4,7.3,28.463,33.442,1,1
6990608,62,2025-01-05T13:55:56Z,2025-01-05T13:55:56Z,7.616666666666667,87.4,8.3,28.45,33.44,1,1
6990608,62,2025-01-05T13:55:56Z,2025-01-05T13:55:56Z,7.616666666666667,87.4,9.2,28.422,33.443,1,1
6990608,62,2025-01-05T13:55:56Z,2025-01-05T13:55:56Z,7.616666666666667,87.4,10.1,28.392,33.445,1,1
6990608,62,2025-01-05T13:55:56Z,2025-01-05T13:55:56Z,7.616666666666667,87.4,15.6,28.276,33.441,1,1
6990608,62,2025-01-05T13:55:56Z,2025-01-05T13:55:56Z,7.616666666666667,87.4,26.2,28.245,33.442,1,1
6990608,62,2025-01-05T13:55:56Z,2025-01-05T13:55:56Z,7.616666666666667,87.4,35.8,28.408,33.688,1,1
6990608,62,2025-01-05T13:55:56Z,2025-01-05T13:55:56Z,7.616666666666667,87.4,45.6,28.697,34.826,1,1
6990608,62,2025-01-05T13:55:56Z,2025-01-05T13:55:56Z,7.616666666666667,87.4,55.9,27.499,35.11,1,1
6990608,62,2025-01-05T13:55:56Z,2025-01-05T13:55:56Z,7.616666666666667,87.4,64.8,25.845,34.849,1,1
6990608,62,2025-01-05T13:55:56Z,2025-01-05T13:55:56Z,7.616666666666667,87.4,75.1,24.209,34.799,1,1
6990608,62,2025-01-05T13:55:56Z,2025-01-05T13:55:56Z,7.616666666666667,87.4,85.5,22.628,34.801,1,1
6990608,62,2025-01-05T13:55:56Z,2025-01-05T13:55:56Z,7.616666666666667,87.4,95.6,21.649,34.908,1,1
6990608,62,2025-01-05T13:55:56Z,2025-01-05T13:55:56Z,7.616666666666667,87.4,105.1,20.656,34.924,1,1
6990608,62,2025-01-05T13:55:56Z,2025-01-05T13:55:56Z,7.616666666666667,87.4,115.5,19.902,34.947,1,1
6990608,62,2025-01-05T13:55:56Z,2025-01-05T13:55:56Z,7.616666666666667,87.4,125.8,19.137,34.939,1,1
6990608,62,2025-01-05T13:55:56Z,2025-01-05T13:55:56Z,7.616666666666667,87.4,136.0,18.513,34.991,1,1
6990608,62,2025-01-05T13:55:56Z,2025-01-05T13:55:56Z,7.616666666666667,87.4,146.0,17.806,34.969,1,1
6990608,62,2025-01-05T13:55:56Z,2025-01-05T13:55:56Z,7.616666666666667,87.4,155.2,16.899,34.923,1,1
6990608,62,2025-01-05T13:55:56Z,2025-01-05T13:55:56Z,7.616666666666667,87.4,165.2,16.195,34.915,1,1
6990608,62,2025-01-05T13:55:56Z,2025-01-05T13:55:56Z,7.616666666666667,87.4,175.4,15.612,34.967,1,1
6990608,62,2025-01-05T13:55:56Z,2025-01-05T13:55:56Z,7.616666666666667,87.4,185.5,15.062,34.98,1,1
6990608,62,2025-01-05T13:55:56Z,2025-01-05T13:55:56Z,7.616666666666667,87.4,195.6,14.463,34.978,1,1
6990608,62,2025-01-05T13:55:56Z,2025-01-05T13:55:56Z,7.616666666666667,87.4,212.5,13.715,35.004,1,1
6990608,62,2025-01-05T13:55:56Z,2025-01-05T13:55:56Z,7.616666666666667,87.4,238.4,12.943,35.043,1,1
6990608,62,2025-01-05T13:55:56Z,2025-01-05T13:55:56Z,7.616666666666667,87.4,264.3,12.416,35.051,1,1
6990608,62,2025-01-05T13:55:56Z,2025-01-05T13:55:56Z,7.616666666666667,87.4,287.5,11.866,35.051,1,1
6990608,62,2025-01-05T13:55:56Z,2025-01-05T13:55:56Z,7.616666666666667,87.4,312.3,11.49,35.058,1,1
6990608,62,2025-01-05T13:55:56Z,2025-01-05T13:55:56Z,7.616666666666667,87.4,337.3,11.253,35.064,1,1
6990608,62,2025-01-05T13:55:56Z,2025-01-05T13:55:56Z,7.616666666666667,87.4,362.8,11.07,35.056,1,1
6990608,62,2025-01-05T13:55:56Z,2025-01-05T13:55:56Z,7.616666666666667,87.4,388.5,10.895,35.05,1,1
6990608,62,2025-01-05T13:55:56Z,2025-01-05T13:55:56Z,7.616666666666667,87.4,413.4,10.767,35.05,1,1
6990608,62,2025-01-05T13:55:56Z,2025-01-05T13:55:56Z,7.616666666666667,87.4,438.2,10.601,35.051,1,1
6990608,62,2025-01-05T13:55:56Z,2025-01-05T13:55:56Z,7.616666666666667,87.4,462.8,10.42,35.05,1,1
6990608,62,2025-01-05T13:55:56Z,2025-01-05T13:55:56Z,7.616666666666667,87.4,487.7,10.199,35.045,1,1
6990608,62,2025-01-05T13:55:56Z,2025-01-05T13:55:56Z,7.616666666666667,87.4,513.0,10.054,35.044,1,1
6990608,62,2025-01-05T13:55:56Z,2025-01-05T13:55:56Z,7.616666666666667,87.4,538.0,9.902,35.041,1,1
6990608,62,2025-01-05T13:55:56Z,2025-01-05T13:55:56Z,7.616666666666667,87.4,562.7,9.73,35.039,1,1
6990608,62,2025-01-05T13:55:56Z,2025-01-05T13:55:56Z,7.616666666666667,87.4,587.7,9.546,35.033,1,1
6990608,62,2025-01-05T13:55:56Z,2025-01-05T13:55:56Z,7.616666666666667,87.4,612.9,9.346,35.026,1,1
6990608,62,2025-01-05T13:55:56Z,2025-01-05T13:55:56Z,7.616666666666667,87.4,637.9,9.159,35.02,1,1
6990608,62,2025-01-05T13:55:56Z,2025-01-05T13:55:56Z,7.616666666666667,87.4,662.8,9.017,35.016,1,1
6990608,62,2025-01-05T13:55:56Z,2025-01-05T13:55:56Z,7.616666666666667,87.4,687.9,8.84,35.011,1,1
6990608,62,2025-01-05T13:55:56Z,2025-01-05T13:55:56Z,7.616666666666667,87.4,713.0,8.634,35.005,1,1
6990608,62,2025-01-05T13:55:56Z,2025-01-05T13:55:56Z,7.616666666666667,87.4,737.9,8.418,34.997,1,1
6990608,62,2025-01-05T13:55:56Z,2025-01-05T13:55:56Z,7.616666666666667,87.4,762.5,8.195,34.988,1,1
6990608,62,2025-01-05T13:55:56Z,2025-01-05T13:55:56Z,7.616666666666667,87.4,788.1,7.988,34.983,1,1
6990608,62,2025-01-05T13:55:56Z,2025-01-05T13:55:56Z,7.616666666666667,87.4,812.5,7.829,34.978,1,1
6990608,62,2025-01-05T13:55:56Z,2025-01-05T13:55:56Z,7.616666666666667,87.4,837.8,7.615,34.967,1,1
6990608,62,2025-01-05T13:55:56Z,2025-01-05T13:55:56Z,7.616666666666667,87.4,862.8,7.438,34.959,1,1
6990608,62,2025-01-05T13:55:56Z,2025-01-05T13:55:56Z,7.616666666666667,87.4,887.8,7.273,34.954,1,1
6990608,62,2025-01-05T13:55:56Z,2025-01-05T13:55:56Z,7.616666666666667,87.4,913.2,7.146,34.95,1,1
6990608,62,2025-01-05T13:55:56Z,2025-01-05T13:55:56Z,7.616666666666667,87.4,938.0,7.022,34.947,1,1
6990608,62,2025-01-05T13:55:56Z,2025-01-05T13:55:56Z,7.616666666666667,87.4,962.7,6.863,34.941,1,1
6990608,62,2025-01-05T13:55:56Z,2025-01-05T13:55:56Z,7.616666666666667,87.4,987.8,6.745,34.937,1,1
6990608,62,2025-01-05T13:55:56Z,2025-01-05T13:55:56Z,7.616666666666667,87.4,1013.7,6.603,34.932,1,1
6990608,62,2025-01-05T13:55:56Z,2025-01-05T13:55:56Z,7.616666666666667,87.4,1037.5,6.477,34.928,1,1
6990608,62,2025-01-05T13:55:56Z,2025-01-05T13:55:56Z,7.616666666666667,87.4,1062.5,6.362,34.922,1,1
6990608,62,2025-01-05T13:55:56Z,2025-01-05T13:55:56Z,7.616666666666667,87.4,1087.9,6.255,34.917,1,1
6990608,62,2025-01-05T13:55:56Z,2025-01-05T13:55:56Z,7.616666666666667,87.4,1113.0,6.146,34.915,1,1
6990608,62,2025-01-05T13:55:56Z,2025-01-05T13:55:56Z,7.616666666666667,87.4,1137.8,6.036,34.91,1,1
6990608,62,2025-01-05T13:55:56Z,2025-01-05T13:55:56Z,7.616666666666667,87.4,1163.0,5.942,34.908,1,1
6990608,62,2025-01-05T13:55:56Z,2025-01-05T13:55:56Z,7.616666666666667,87.4,1188.1,5.876,34.906,1,1
6990608,62,2025-01-05T13:55:56Z,2025-01-05T13:55:56Z,7.616666666666667,87.4,1212.8,5.769,34.901,1,1
6990608,62,2025-01-05T13:55:56Z,2025-01-05T13:55:56Z,7.616666666666667,87.4,1237.8,5.638,34.895,1,1
6990608,62,2025-01-05T13:55:56Z,2025-01-05T13:55:56Z,7.616666666666667,87.4,1263.0,5.575,34.893,1,1
6990608,62,2025-01-05T13:55:56Z,2025-01-05T13:55:56Z,7.616666666666667,87.4,1287.4,5.46,34.889,1,1
6990608,62,2025-01-05T13:55:56Z,2025-01-05T13:55:56Z,7.616666666666667,87.4,1312.7,5.347,34.885,1,1
6990608,62,2025-01-05T13:55:56Z,2025-01-05T13:55:56Z,7.616666666666667,87.4,1337.7,5.266,34.882,1,1
6990608,62,2025-01-05T13:55:56Z,2025-01-05T13:55:56Z,7.616666666666667,87.4,1362.5,5.161,34.878,1,1
6990608,62,2025-01-05T13:55:56Z,2025-01-05T13:55:56Z,7.616666666666667,87.4,1387.9,5.032,34.873,1,1
6990608,62,2025-01-05T13:55:56Z,2025-01-05T13:55:56Z,7.616666666666667,87.4,1413.4,4.944,34.87,1,1
6990608,62,2025-01-05T13:55:56Z,2025-01-05T13:55:56Z,7.616666666666667,87.4,1438.0,4.836,34.866,1,1
6990608,62,2025-01-05T13:55:56Z,2025-01-05T13:55:56Z,7.616666666666667,87.4,1462.9,4.706,34.861,1,1
6990608,62,2025-01-05T13:55:56Z,2025-01-05T13:55:56Z,7.616666666666667,87.4,1488.1,4.618,34.857,1,1
6990608,62,2025-01-05T13:55:56Z,2025-01-05T13:55:56Z,7.616666666666667,87.4,1513.3,4.49,34.852,1,1
6990608,62,2025-01-05T13:55:56Z,2025-01-05T13:55:56Z,7.616666666666667,87.4,1537.8,4.33,34.846,1,1
6990608,62,2025-01-05T13:55:56Z,2025-01-05T13:55:56Z,7.616666666666667,87.4,1562.6,4.174,34.841,1,1
6990608,62,2025-01-05T13:55:56Z,2025-01-05T13:55:56Z,7.616666666666667,87.4,1587.9,4.026,34.835,1,1
6990608,62,2025-01-05T13:55:56Z,2025-01-05T13:55:56Z,7.616666666666667,87.4,1612.9,3.898,34.829,1,1
6990608,62,2025-01-05T13:55:56Z,2025-01-05T13:55:56Z,7.616666666666667,87.4,1637.7,3.773,34.825,1,1
6990608,62,2025-01-05T13:55:56Z,2025-01-05T13:55:56Z,7.616666666666667,87.4,1662.4,3.678,34.821,1,1
6990608,62,2025-01-05T13:55:56Z,2025-01-05T13:55:56Z,7.616666666666667,87.4,1687.5,3.605,34.818,1,1
6990608,62,2025-01-05T13:55:56Z,2025-01-05T13:55:56Z,7.616666666666667,87.4,1712.8,3.525,34.815,1,1
6990608,62,2025-01-05T13:55:56Z,2025-01-05T13:55:56Z,7.616666666666667,87.4,1738.1,3.432,34.811,1,1
6990608,62,2025-01-05T13:55:56Z,2025-01-05T13:55:56Z,7.616666666666667,87.4,1763.3,3.344,34.807,1,1
6990608,62,2025-01-05T13:55:56Z,2025-01-05T13:55:56Z,7.616666666666667,87.4,1788.1,3.235,34.802,1,1
6990608,62,2025-01-05T13:55:56Z,2025-01-05T13:55:56Z,7.616666666666667,87.4,1812.7,3.121,34.798,1,1
6990608,62,2025-01-05T13:55:56Z,2025-01-05T13:55:56Z,7.616666666666667,87.4,1838.0,3.023,34.794,1,1
6990608,62,2025-01-05T13:55:56Z,2025-01-05T13:55:56Z,7.616666666666667,87.4,1863.1,2.924,34.789,1,1
6990608,62,2025-01-05T13:55:56Z,2025-01-05T13:55:56Z,7.616666666666667,87.4,1887.7,2.84,34.786,1,1
6990608,62,2025-01-05T13:55:56Z,2025-01-05T13:55:56Z,7.616666666666667,87.4,1912.6,2.787,34.783,1,1
6990608,62,2025-01-05T13:55:56Z,2025-01-05T13:55:56Z,7.616666666666667,87.4,1938.6,2.732,34.781,1,1
6990608,62,2025-01-05T13:55:56Z,2025-01-05T13:55:56Z,7.616666666666667,87.4,1962.7,2.686,34.779,1,1
6990608,62,2025-01-05T13:55:56Z,2025-01-05T13:55:56Z,7.616666666666667,87.4,1988.1,2.63,34.777,1,1
6990609,48,2025-01-04T14:07:07Z,2025-01-04T14:07:07Z,8.616666666666667,89.96666666666667,0.2,28.845,34.09,1,1
6990609,48,2025-01-04T14:07:07Z,2025-01-04T14:07:07Z,8.616666666666667,89.96666666666667,0.7,28.853,34.09,1,1
6990609,48,2025-01-04T14:07:07Z,2025-01-04T14:07:07Z,8.616666666666667,89.96666666666667,1.9,28.864,34.084,1,1
6990609,48,2025-01-04T14:07:07Z,2025-01-04T14:07:07Z,8.616666666666667,89.96666666666667,3.3,28.867,34.082,1,1
6990609,48,2025-01-04T14:07:07Z,2025-01-04T14:07:07Z,8.616666666666667,89.96666666666667,4.3,28.864,34.083,1,1
6990609,48,2025-01-04T14:07:07Z,2025-01-04T14:07:07Z,8.616666666666667,89.96666666666667,5.2,28.867,34.085,1,1
6990609,48,2025-01-04T14:07:07Z,2025-01-04T14:07:07Z,8.616666666666667,89.96666666666667,6.2,28.87,34.085,1,1
6990609,48,2025-01-04T14:07:07Z,2025-01-04T14:07:07Z,8.616666666666667,89.96666666666667,7.2,28.869,34.085,1,1
6990609,48,2025-01-04T14:07:07Z,2025-01-04T14:07:07Z,8.616666666666667,89.96666666666667,8.1,28.867,34.084,1,1
6990609,48,2025-01-04T14:07:07Z,2025-01-04T14:07:07Z,8.616666666666667,89.96666666666667,8.9,28.871,34.082,1,1
6990609,48,2025-01-04T14:07:07Z,2025-01-04T14:07:07Z,8.616666666666667,89.96666666666667,9.7,28.87,34.085,1,1
6990609,48,2025-01-04T14:07:07Z,2025-01-04T14:07:07Z,8.616666666666667,89.96666666666667,15.2,28.873,34.093,1,1
6990609,48,2025-01-04T14:07:07Z,2025-01-04T14:07:07Z,8.616666666666667,89.96666666666667,25.5,28.881,34.109,1,1
6990609,48,2025-01-04T14:07:07Z,2025-01-04T14:07:07Z,8.616666666666667,89.96666666666667,35.1,28.881,34.135,1,1
6990609,48,2025-01-04T14:07:07Z,2025-01-04T14:07:07Z,8.616666666666667,89.96666666666667,45.1,28.871,34.151,1,1
6990609,48,2025-01-04T14:07:07Z,2025-01-04T14:07:07Z,8.616666666666667,89.96666666666667,55.4,28.902,34.213,1,1
6990609,48,2025-01-04T14:07:07Z,2025-01-04T14:07:07Z,8.616666666666667,89.96666666666667,65.2,29.209,34.727,1,1
6990609,48,2025-01-04T14:07:07Z,2025-01-04T14:07:07Z,8.616666666666667,89.96666666666667,75.2,29.048,34.928,1,1
6990609,48,2025-01-04T14:07:07Z,2025-01-04T14:07:07Z,8.616666666666667,89.96666666666667,85.3,28.771,35.006,1,1
6990609,48,2025-01-04T14:07:07Z,2025-01-04T14:07:07Z,8.616666666666667,89.96666666666667,95.4,27.867,34.927,1,1
6990609,48,2025-01-04T14:07:07Z,2025-01-04T14:07:07Z,8.616666666666667,89.96666666666667,105.2,25.887,34.711,1,1
6990609,48,2025-01-04T14:07:07Z,2025-01-04T14:07:07Z,8.616666666666667,89.96666666666667,115.2,23.56,34.677,1,1
6990609,48,2025-01-04T14:07:07Z,2025-01-04T14:07:07Z,8.616666666666667,89.96666666666667,125.8,21.558,34.723,1,1
6990609,48,2025-01-04T14:07:07Z,2025-01-04T14:07:07Z,8.616666666666667,89.96666666666667,135.1,20.364,34.802,1,1
6990609,48,2025-01-04T14:07:07Z,2025-01-04T14:07:07Z,8.616666666666667,89.96666666666667,145.3,19.394,34.82,1,1
6990609,48,2025-01-04T14:07:07Z,2025-01-04T14:07:07Z,8.616666666666667,89.96666666666667,155.9,18.307,34.845,1,1
6990609,48,2025-01-04T14:07:07Z,2025-01-04T14:07:07Z,8.616666666666667,89.96666666666667,165.2,17.378,34.866,1,1
6990609,48,2025-01-04T14:07:07Z,2025-01-04T14:07:07Z,8.616666666666667,89.96666666666667,175.3,16.699,34.897,1,1
6990609,48,2025-01-04T14:07:07Z,2025-01-04T14:07:07Z,8.616666666666667,89.96666666666667,185.2,16.24,34.891,1,1
6990609,48,2025-01-04T14:07:07Z,2025-01-04T14:07:07Z,8.616666666666667,89.96666666666667,195.2,15.7,34.905,1,1
6990609,48,2025-01-04T14:07:07Z,2025-01-04T14:07:07Z,8.616666666666667,89.96666666666667,212.3,14.741,34.929,1,1
6990609,48,2025-01-04T14:07:07Z,2025-01-04T14:07:07Z,8.616666666666667,89.96666666666667,237.7,14.307,34.942,1,1
6990609,48,2025-01-04T14:07:07Z,2025-01-04T14:07:07Z,8.616666666666667,89.96666666666667,262.6,13.729,34.963,1,1
6990609,48,2025-01-04T14:07:07Z,2025-01-04T14:07:07Z,8.616666666666667,89.96666666666667,288.3,13.298,34.995,1,1
6990609,48,2025-01-04T14:07:07Z,2025-01-04T14:07:07Z,8.616666666666667,89.96666666666667,312.5,12.779,35.017,1,1
6990609,48,2025-01-04T14:07:07Z,2025-01-04T14:07:07Z,8.616666666666667,89.96666666666667,337.8,12.304,35.034,1,1
6990609,48,2025-01-04T14:07:07Z,2025-01-04T14:07:07Z,8.616666666666667,89.96666666666667,362.8,11.906,35.038,1,1
6990609,48,2025-01-04T14:07:07Z,2025-01-04T14:07:07Z,8.616666666666667,89.96666666666667,387.9,11.494,35.042,1,1
6990609,48,2025-01-04T14:07:07Z,2025-01-04T14:07:07Z,8.616666666666667,89.96666666666667,412.7,11.161,35.049,1,1
6990609,48,2025-01-04T14:07:07Z,2025-01-04T14:07:07Z,8.616666666666667,89.96666666666667,437.9,10.87,35.046,1,1
6990609,48,2025-01-04T14:07:07Z,2025-01-04T14:07:07Z,8.616666666666667,89.96666666666667,462.8,10.644,35.041,1,1
6990609,48,2025-01-04T14:07:07Z,2025-01-04T14:07:07Z,8.616666666666667,89.96666666666667,488.3,10.435,35.043,1,1
6990609,48,2025-01-04T14:07:07Z,2025-01-04T14:07:07Z,8.616666666666667,89.96666666666667,512.8,10.168,35.033,1,1
6990609,48,2025-01-04T14:07:07Z,2025-01-04T14:07:07Z,8.616666666666667,89.96666666666667,537.8,9.973,35.029,1,1
6990609,48,2025-01-04T14:07:07Z,2025-01-04T14:07:07Z,8.616666666666667,89.96666666666667,562.8,9.791,35.026,1,1
6990609,48,2025-01-04T14:07:07Z,2025-01-04T14:07:07Z,8.616666666666667,89.96666666666667,588.0,9.629,35.022,1,1
6990609,48,2025-01-04T14:07:07Z,2025-01-04T14:07:07Z,8.616666666666667,89.96666666666667,613.3,9.462,35.017,1,1
6990609,48,2025-01-04T14:07:07Z,2025-01-04T14:07:07Z,8.616666666666667,89.96666666666667,638.0,9.184,35.011,1,1
6990609,48,2025-01-04T14:07:07Z,2025-01-04T14:07:07Z,8.616666666666667,89.96666666666667,662.8,8.872,35.002,1,1
6990609,48,2025-01-04T14:07:07Z,2025-01-04T14:07:07Z,8.616666666666667,89.96666666666667,687.9,8.647,34.994,1,1
6990609,48,2025-01-04T14:07:07Z,2025-01-04T14:07:07Z,8.616666666666667,89.96666666666667,713.2,8.476,34.988,1,1
6990609,48,2025-01-04T14:07:07Z,2025-01-04T14:07:07Z,8.616666666666667,89.96666666666667,737.7,8.288,34.982,1,1
6990609,48,2025-01-04T14:07:07Z,2025-01-04T14:07:07Z,8.616666666666667,89.96666666666667,762.9,8.131,34.977,1,1
6990609,48,2025-01-04T14:07:07Z,2025-01-04T14:07:07Z,8.616666666666667,89.96666666666667,788.1,7.96,34.971,1,1
6990609,48,2025-01-04T14:07:07Z,2025-01-04T14:07:07Z,8.616666666666667,89.96666666666667,812.9,7.765,34.965,1,1
6990609,48,2025-01-04T14:07:07Z,2025-01-04T14:07:07Z,8.616666666666667,89.96666666666667,837.9,7.574,34.96,1,1
6990609,48,2025-01-04T14:07:07Z,2025-01-04T14:07:07Z,8.616666666666667,89.96666666666667,863.2,7.395,34.955,1,1
6990609,48,2025-01-04T14:07:07Z,2025-01-04T14:07:07Z,8.616666666666667,89.96666666666667,888.3,7.257,34.951,1,1
6990609,48,2025-01-04T14:07:07Z,2025-01-04T14:07:07Z,8.616666666666667,89.96666666666667,913.2,7.094,34.946,1,1
6990609,48,2025-01-04T14:07:07Z,2025-01-04T14:07:07Z,8.616666666666667,89.96666666666667,938.1,6.94,34.941,1,1
6990609,48,2025-01-04T14:07:07Z,2025-01-04T14:07:07Z,8.616666666666667,89.96666666666667,963.0,6.819,34.937,1,1
6990609,48,2025-01-04T14:07:07Z,2025-01-04T14:07:07Z,8.616666666666667,89.96666666666667,987.9,6.681,34.933,1,1
6990609,48,2025-01-04T14:07:07Z,2025-01-04T14:07:07Z,8.616666666666667,89.96666666666667,1013.0,6.601,34.929,1,1
6990609,48,2025-01-04T14:07:07Z,2025-01-04T14:07:07Z,8.616666666666667,89.96666666666667,1038.2,6.469,34.923,1,1
6990609,48,2025-01-04T14:07:07Z,2025-01-04T14:07:07Z,8.616666666666667,89.96666666666667,1062.9,6.337,34.918,1,1
6990609,48,2025-01-04T14:07:07Z,2025-01-04T14:07:07Z,8.616666666666667,89.96666666666667,1087.9,6.179,34.912,1,1
6990609,48,2025-01-04T14:07:07Z,2025-01-04T14:07:07Z,8.616666666666667,89.96666666666667,1112.7,6.075,34.908,1,1
6990609,48,2025-01-04T14:07:07Z,2025-01-04T14:07:07Z,8.616666666666667,89.96666666666667,1137.8,5.975,34.904,1,1
6990609,48,2025-01-04T14:07:07Z,2025-01-04T14:07:07Z,8.616666666666667,89.96666666666667,1162.7,5.84,34.9,1,1
6990609,48,2025-01-04T14:07:07Z,2025-01-04T14:07:07Z,8.616666666666667,89.96666666666667,1187.5,5.697,34.895,1,1
6990609,48,2025-01-04T14:07:07Z,2025-01-04T14:07:07Z,8.616666666666667,89.96666666666667,1212.4,5.605,34.891,1,1
6990609,48,2025-01-04T14:07:07Z,2025-01-04T14:07:07Z,8.616666666666667,89.96666666666667,1237.6,5.496,34.887,1,1
6990609,48,2025-01-04T14:07:07Z,2025-01-04T14:07:07Z,8.616666666666667,89.96666666666667,1262.8,5.387,34.882,1,1
6990609,48,2025-01-04T14:07:07Z,2025-01-04T14:07:07Z,8.616666666666667,89.96666666666667,1288.0,5.294,34.879,1,1
6990609,48,2025-01-04T14:07:07Z,2025-01-04T14:07:07Z,8.616666666666667,89.96666666666667,1312.7,5.203,34.875,1,1
6990609,48,2025-01-04T14:07:07Z,2025-01-04T14:07:07Z,8.616666666666667,89.96666666666667,1338.0,5.13,34.873,1,1
6990609,48,2025-01-04T14:07:07Z,2025-01-04T14:07:07Z,8.616666666666667,89.96666666666667,1363.9,5.051,34.869,1,1
6990609,48,2025-01-04T14:07:07Z,2025-01-04T14:07:07Z,8.616666666666667,89.96666666666667,1387.7,4.891,34.864,1,1
6990609,48,2025-01-04T14:07:07Z,2025-01-04T14:07:07Z,8.616666666666667,89.96666666666667,1412.7,4.79,34.86,1,1
6990609,48,2025-01-04T14:07:07Z,2025-01-04T14:07:07Z,8.616666666666667,89.96666666666667,1437.6,4.693,34.856,1,1
6990609,48,2025-01-04T14:07:07Z,2025-01-04T14:07:07Z,8.616666666666667,89.96666666666667,1462.8,4.589,34.852,1,1
6990609,48,2025-01-04T14:07:07Z,2025-01-04T14:07:07Z,8.616666666666667,89.96666666666667,1488.0,4.473,34.848,1,1
6990609,48,2025-01-04T14:07:07Z,2025-01-04T14:07:07Z,8.616666666666667,89.96666666666667,1513.0,4.373,34.844,1,1
6990609,48,2025-01-04T14:07:07Z,2025-01-04T14:07:07Z,8.616666666666667,89.96666666666667,1537.8,4.261,34.84,1,1
6990609,48,2025-01-04T14:07:07Z,2025-01-04T14:07:07Z,8.616666666666667,89.96666666666667,1562.9,4.152,34.837,1,1
6990609,48,2025-01-04T14:07:07Z,2025-01-04T14:07:07Z,8.616666666666667,89.96666666666667,1587.7,4.05,34.833,1,1
6990609,48,2025-01-04T14:07:07Z,2025-01-04T14:07:07Z,8.616666666666667,89.96666666666667,1612.7,3.971,34.83,1,1
6990609,48,2025-01-04T14:07:07Z,2025-01-04T14:07:07Z,8.616666666666667,89.96666666666667,1637.8,3.849,34.826,1,1
6990609,48,2025-01-04T14:07:07Z,2025-01-04T14:07:07Z,8.616666666666667,89.96666666666667,1662.7,3.776,34.822,1,1
6990609,48,2025-01-04T14:07:07Z,2025-01-04T14:07:07Z,8.616666666666667,89.96666666666667,1687.6,3.628,34.817,1,1
6990609,48,2025-01-04T14:07:07Z,2025-01-04T14:07:07Z,8.616666666666667,89.96666666666667,1712.5,3.478,34.81,1,1
6990609,48,2025-01-04T14:07:07Z,2025-01-04T14:07:07Z,8.616666666666667,89.96666666666667,1737.7,3.365,34.806,1,1
6990609,48,2025-01-04T14:07:07Z,2025-01-04T14:07:07Z,8.616666666666667,89.96666666666667,1763.0,3.3,34.803,1,1
6990609,48,2025-01-04T14:07:07Z,2025-01-04T14:07:07Z,8.616666666666667,89.96666666666667,1788.1,3.243,34.8,1,1
6990609,48,2025-01-04T14:07:07Z,2025-01-04T14:07:07Z,8.616666666666667,89.96666666666667,1812.8,3.185,34.798,1,1
6990609,48,2025-01-04T14:07:07Z,2025-01-04T14:07:07Z,8.616666666666667,89.96666666666667,1837.6,3.117,34.795,1,1
6990609,48,2025-01-04T14:07:07Z,2025-01-04T14:07:07Z,8.616666666666667,89.96666666666667,1862.8,3.069,34.793,1,1
6990609,48,2025-01-04T14:07:07Z,2025-01-04T14:07:07Z,8.616666666666667,89.96666666666667,1888.5,2.99,34.789,1,1
6990609,48,2025-01-04T14:07:07Z,2025-01-04T14:07:07Z,8.616666666666667,89.96666666666667,1912.9,2.934,34.787,1,1
6990609,48,2025-01-04T14:07:07Z,2025-01-04T14:07:07Z,8.616666666666667,89.96666666666667,1938.1,2.865,34.784,1,1
6990609,48,2025-01-04T14:07:07Z,2025-01-04T14:07:07Z,8.616666666666667,89.96666666666667,1963.1,2.799,34.781,1,1
6990609,48,2025-01-04T14:07:07Z,2025-01-04T14:07:07Z,8.616666666666667,89.96666666666667,1987.9,2.773,34.78,1,1
6990609,48,2025-01-04T14:07:07Z,2025-01-04T14:07:07Z,8.616666666666667,89.96666666666667,2009.1,2.732,34.778,1,1
7901125,48,2025-01-02T14:18:00Z,2025-01-02T14:18:00Z,14.566666666666666,89.58333333333333,563.2,9.67,35.024,1,1
7901125,48,2025-01-02T14:18:00Z,2025-01-02T14:18:00Z,14.566666666666666,89.58333333333333,588.0,9.479,35.018,1,1
7901125,48,2025-01-02T14:18:00Z,2025-01-02T14:18:00Z,14.566666666666666,89.58333333333333,613.9,9.286,35.015,1,1
7901125,48,2025-01-02T14:18:00Z,2025-01-02T14:18:00Z,14.566666666666666,89.58333333333333,637.9,9.171,35.012,1,1
7901125,48,2025-01-02T14:18:00Z,2025-01-02T14:18:00Z,14.566666666666666,89.58333333333333,662.6,9.013,35.005,1,1
7901125,48,2025-01-02T14:18:00Z,2025-01-02T14:18:00Z,14.566666666666666,89.58333333333333,687.5,8.867,35.0,1,1
7901125,48,2025-01-02T14:18:00Z,2025-01-02T14:18:00Z,14.566666666666666,89.58333333333333,712.7,8.705,34.994,1,1
7901125,48,2025-01-02T14:18:00Z,2025-01-02T14:18:00Z,14.566666666666666,89.58333333333333,738.1,8.519,34.987,1,1
7901125,48,2025-01-02T14:18:00Z,2025-01-02T14:18:00Z,14.566666666666666,89.58333333333333,763.2,8.364,34.983,1,1
7901125,48,2025-01-02T14:18:00Z,2025-01-02T14:18:00Z,14.566666666666666,89.58333333333333,788.0,8.239,34.98,1,1
7901125,48,2025-01-02T14:18:00Z,2025-01-02T14:18:00Z,14.566666666666666,89.58333333333333,812.6,8.116,34.978,1,1
7901125,48,2025-01-02T14:18:00Z,2025-01-02T14:18:00Z,14.566666666666666,89.58333333333333,837.7,7.988,34.976,1,1
7901125,48,2025-01-02T14:18:00Z,2025-01-02T14:18:00Z,14.566666666666666,89.58333333333333,863.2,7.818,34.971,1,1
7901125,48,2025-01-02T14:18:00Z,2025-01-02T14:18:00Z,14.566666666666666,89.58333333333333,888.2,7.663,34.967,1,1
7901125,48,2025-01-02T14:18:00Z,2025-01-02T14:18:00Z,14.566666666666666,89.58333333333333,913.2,7.525,34.962,1,1
7901125,48,2025-01-02T14:18:00Z,2025-01-02T14:18:00Z,14.566666666666666,89.58333333333333,938.0,7.347,34.957,1,1
7901125,48,2025-01-02T14:18:00Z,2025-01-02T14:18:00Z,14.566666666666666,89.58333333333333,963.1,7.179,34.951,1,1
7901125,48,2025-01-02T14:18:00Z,2025-01-02T14:18:00Z,14.566666666666666,89.58333333333333,988.1,7.037,34.946,1,1
7901125,48,2025-01-02T14:18:00Z,2025-01-02T14:18:00Z,14.566666666666666,89.58333333333333,1013.7,6.852,34.939,1,1
7901125,48,2025-01-02T14:18:00Z,2025-01-02T14:18:00Z,14.566666666666666,89.58333333333333,1037.8,6.695,34.934,1,1
7901125,48,2025-01-02T14:18:00Z,2025-01-02T14:18:00Z,14.566666666666666,89.58333333333333,1063.0,6.565,34.928,1,1
7901125,48,2025-01-02T14:18:00Z,2025-01-02T14:18:00Z,14.566666666666666,89.58333333333333,1088.2,6.441,34.923,1,1
7901125,48,2025-01-02T14:18:00Z,2025-01-02T14:18:00Z,14.566666666666666,89.58333333333333,1113.0,6.326,34.919,1,1
7901125,48,2025-01-02T14:18:00Z,2025-01-02T14:18:00Z,14.566666666666666,89.58333333333333,1138.0,6.236,34.915,1,1
7901125,48,2025-01-02T14:18:00Z,2025-01-02T14:18:00Z,14.566666666666666,89.58333333333333,1163.1,6.162,34.912,1,1
7901125,48,2025-01-02T14:18:00Z,2025-01-02T14:18:00Z,14.566666666666666,89.58333333333333,1187.7,6.064,34.909,1,1
7901125,48,2025-01-02T14:18:00Z,2025-01-02T14:18:00Z,14.566666666666666,89.58333333333333,1212.9,5.967,34.905,1,1
7901125,48,2025-01-02T14:18:00Z,2025-01-02T14:18:00Z,14.566666666666666,89.58333333333333,1237.9,5.842,34.901,1,1
7901125,48,2025-01-02T14:18:00Z,2025-01-02T14:18:00Z,14.566666666666666,89.58333333333333,1262.5,5.73,34.897,1,1
7901125,48,2025-01-02T14:18:00Z,2025-01-02T14:18:00Z,14.566666666666666,89.58333333333333,1288.2,5.603,34.892,1,1
7901125,48,2025-01-02T14:18:00Z,2025-01-02T14:18:00Z,14.566666666666666,89.58333333333333,1313.0,5.509,34.889,1,1
7901125,48,2025-01-02T14:18:00Z,2025-01-02T14:18:00Z,14.566666666666666,89.58333333333333,1338.1,5.432,34.885,1,1
7901125,48,2025-01-02T14:18:00Z,2025-01-02T14:18:00Z,14.566666666666666,89.58333333333333,1363.2,5.343,34.882,1,1
7901125,48,2025-01-02T14:18:00Z,2025-01-02T14:18:00Z,14.566666666666666,89.58333333333333,1388.0,5.253,34.879,1,1
7901125,48,2025-01-02T14:18:00Z,2025-01-02T14:18:00Z,14.566666666666666,89.58333333333333,1412.8,5.164,34.875,1,1
7901125,48,2025-01-02T14:18:00Z,2025-01-02T14:18:00Z,14.566666666666666,89.58333333333333,1437.7,5.052,34.871,1,1
7901125,48,2025-01-02T14:18:00Z,2025-01-02T14:18:00Z,14.566666666666666,89.58333333333333,1462.8,4.95,34.867,1,1
7901125,48,2025-01-02T14:18:00Z,2025-01-02T14:18:00Z,14.566666666666666,89.58333333333333,1488.1,4.832,34.863,1,1
7901125,48,2025-01-02T14:18:00Z,2025-01-02T14:18:00Z,14.566666666666666,89.58333333333333,1513.0,4.726,34.859,1,1
7901125,48,2025-01-02T14:18:00Z,2025-01-02T14:18:00Z,14.566666666666666,89.58333333333333,1538.1,4.598,34.854,1,1
7901125,48,2025-01-02T14:18:00Z,2025-01-02T14:18:00Z,14.566666666666666,89.58333333333333,1563.9,4.479,34.849,1,1
7901125,48,2025-01-02T14:18:00Z,2025-01-02T14:18:00Z,14.566666666666666,89.58333333333333,1587.9,4.369,34.845,1,1
7901125,48,2025-01-02T14:18:00Z,2025-01-02T14:18:00Z,14.566666666666666,89.58333333333333,1612.9,4.249,34.84,1,1
7901125,48,2025-01-02T14:18:00Z,2025-01-02T14:18:00Z,14.566666666666666,89.58333333333333,1637.7,4.125,34.835,1,1
7901125,48,2025-01-02T14:18:00Z,2025-01-02T14:18:00Z,14.566666666666666,89.58333333333333,1662.9,4.016,34.831,4,4
7901125,48,2025-01-02T14:18:00Z,2025-01-02T14:18:00Z,14.566666666666666,89.58333333333333,0.1,27.895,33.01,4,4
7901125,48,2025-01-02T14:18:00Z,2025-01-02T14:18:00Z,14.566666666666666,89.58333333333333,0.8,27.907,33.002,1,1
7901125,48,2025-01-02T14:18:00Z,2025-01-02T14:18:00Z,14.566666666666666,89.58333333333333,1.5,27.908,33.001,1,1
7901125,48,2025-01-02T14:18:00Z,2025-01-02T14:18:00Z,14.566666666666666,89.58333333333333,2.9,27.907,33.001,1,1
7901125,48,2025-01-02T14:18:00Z,2025-01-02T14:18:00Z,14.566666666666666,89.58333333333333,4.5,27.906,33.004,1,1
7901125,48,2025-01-02T14:18:00Z,2025-01-02T14:18:00Z,14.566666666666666,89.58333333333333,5.6,27.908,33.004,1,1
7901125,48,2025-01-02T14:18:00Z,2025-01-02T14:18:00Z,14.566666666666666,89.58333333333333,6.6,27.909,33.004,1,1
7901125,48,2025-01-02T14:18:00Z,2025-01-02T14:18:00Z,14.566666666666666,89.58333333333333,7.5,27.911,33.003,1,1
7901125,48,2025-01-02T14:18:00Z,2025-01-02T14:18:00Z,14.566666666666666,89.58333333333333,8.5,27.912,33.004,1,1
7901125,48,2025-01-02T14:18:00Z,2025-01-02T14:18:00Z,14.566666666666666,89.58333333333333,9.5,27.91,33.006,1,1
7901125,48,2025-01-02T14:18:00Z,2025-01-02T14:18:00Z,14.566666666666666,89.58333333333333,15.0,27.911,33.006,1,1
7901125,48,2025-01-02T14:18:00Z,2025-01-02T14:18:00Z,14.566666666666666,89.58333333333333,25.5,27.916,33.014,1,1
7901125,48,2025-01-02T14:18:00Z,2025-01-02T14:18:00Z,14.566666666666666,89.58333333333333,35.2,28.041,33.135,1,1
7901125,48,2025-01-02T14:18:00Z,2025-01-02T14:18:00Z,14.566666666666666,89.58333333333333,45.1,28.467,33.484,1,1
7901125,48,2025-01-02T14:18:00Z,2025-01-02T14:18:00Z,14.566666666666666,89.58333333333333,55.9,28.482,33.532,1,1
7901125,48,2025-01-02T14:18:00Z,2025-01-02T14:18:00Z,14.566666666666666,89.58333333333333,65.7,28.183,33.819,1,1
7901125,48,2025-01-02T14:18:00Z,2025-01-02T14:18:00Z,14.566666666666666,89.58333333333333,75.5,26.876,34.325,1,1
7901125,48,2025-01-02T14:18:00Z,2025-01-02T14:18:00Z,14.566666666666666,89.58333333333333,85.5,25.467,34.652,1,1
7901125,48,2025-01-02T14:18:00Z,2025-01-02T14:18:00Z,14.566666666666666,89.58333333333333,95.4,24.024,34.657,1,1
7901125,48,2025-01-02T14:18:00Z,2025-01-02T14:18:00Z,14.566666666666666,89.58333333333333,105.3,22.401,34.667,1,1
7901125,48,2025-01-02T14:18:00Z,2025-01-02T14:18:00Z,14.566666666666666,89.58333333333333,115.7,20.973,34.734,1,1
7901125,48,2025-01-02T14:18:00Z,2025-01-02T14:18:00Z,14.566666666666666,89.58333333333333,125.5,19.621,34.766,1,1
7901125,48,2025-01-02T14:18:00Z,2025-01-02T14:18:00Z,14.566666666666666,89.58333333333333,136.1,18.761,34.789,1,1
7901125,48,2025-01-02T14:18:00Z,2025-01-02T14:18:00Z,14.566666666666666,89.58333333333333,145.1,17.905,34.82,1,1
7901125,48,2025-01-02T14:18:00Z,2025-01-02T14:18:00Z,14.566666666666666,89.58333333333333,155.3,16.876,34.862,1,1
7901125,48,2025-01-02T14:18:00Z,2025-01-02T14:18:00Z,14.566666666666666,89.58333333333333,165.3,16.099,34.898,1,1
7901125,48,2025-01-02T14:18:00Z,2025-01-02T14:18:00Z,14.566666666666666,89.58333333333333,175.3,15.425,34.925,1,1
7901125,48,2025-01-02T14:18:00Z,2025-01-02T14:18:00Z,14.566666666666666,89.58333333333333,185.5,14.935,34.942,1,1
7901125,48,2025-01-02T14:18:00Z,2025-01-02T14:18:00Z,14.566666666666666,89.58333333333333,195.5,14.543,34.955,1,1
7901125,48,2025-01-02T14:18:00Z,2025-01-02T14:18:00Z,14.566666666666666,89.58333333333333,212.5,13.759,34.981,1,1
7901125,48,2025-01-02T14:18:00Z,2025-01-02T14:18:00Z,14.566666666666666,89.58333333333333,237.7,12.921,35.008,1,1
7901125,48,2025-01-02T14:18:00Z,2025-01-02T14:18:00Z,14.566666666666666,89.58333333333333,262.8,12.345,35.019,1,1
7901125,48,2025-01-02T14:18:00Z,2025-01-02T14:18:00Z,14.566666666666666,89.58333333333333,287.9,11.916,35.022,1,1
7901125,48,2025-01-02T14:18:00Z,2025-01-02T14:18:00Z,14.566666666666666,89.58333333333333,313.5,11.539,35.029,1,1
7901125,48,2025-01-02T14:18:00Z,2025-01-02T14:18:00Z,14.566666666666666,89.58333333333333,337.7,11.205,35.031,1,1
7901125,48,2025-01-02T14:18:00Z,2025-01-02T14:18:00Z,14.566666666666666,89.58333333333333,362.7,10.981,35.034,1,1
7901125,48,2025-01-02T14:18:00Z,2025-01-02T14:18:00Z,14.566666666666666,89.58333333333333,387.8,10.777,35.031,1,1
7901125,48,2025-01-02T14:18:00Z,2025-01-02T14:18:00Z,14.566666666666666,89.58333333333333,413.0,10.624,35.033,1,1
7901125,48,2025-01-02T14:18:00Z,2025-01-02T14:18:00Z,14.566666666666666,89.58333333333333,437.8,10.484,35.034,1,1
7901125,48,2025-01-02T14:18:00Z,2025-01-02T14:18:00Z,14.566666666666666,89.58333333333333,462.6,10.317,35.032,1,1
7901125,48,2025-01-02T14:18:00Z,2025-01-02T14:18:00Z,14.566666666666666,89.58333333333333,487.7,10.144,35.029,1,1
7901125,48,2025-01-02T14:18:00Z,2025-01-02T14:18:00Z,14.566666666666666,89.58333333333333,512.8,9.96,35.028,1,1
7901125,48,2025-01-02T14:18:00Z,2025-01-02T14:18:00Z,14.566666666666666,89.58333333333333,538.1,9.818,35.028,1,1
7901125,48,2025-01-02T14:18:00Z,2025-01-02T14:18:00Z,14.566666666666666,89.58333333333333,1687.9,3.914,34.826,1,1
7901125,48,2025-01-02T14:18:00Z,2025-01-02T14:18:00Z,14.566666666666666,89.58333333333333,1712.9,3.79,34.822,1,1
7901125,48,2025-01-02T14:18:00Z,2025-01-02T14:18:00Z,14.566666666666666,89.58333333333333,1738.1,3.65,34.816,1,1
7901125,48,2025-01-02T14:18:00Z,2025-01-02T14:18:00Z,14.566666666666666,89.58333333333333,1762.8,3.538,34.811,1,1
7901125,48,2025-01-02T14:18:00Z,2025-01-02T14:18:00Z,14.566666666666666,89.58333333333333,1787.7,3.433,34.807,1,1
7901125,48,2025-01-02T14:18:00Z,2025-01-02T14:18:00Z,14.566666666666666,89.58333333333333,1812.7,3.341,34.803,1,1
7901125,48,2025-01-02T14:18:00Z,2025-01-02T14:18:00Z,14.566666666666666,89.58333333333333,1837.8,3.259,34.8,1,1
7901125,48,2025-01-02T14:18:00Z,2025-01-02T14:18:00Z,14.566666666666666,89.58333333333333,1862.6,3.191,34.797,1,1
7901125,48,2025-01-02T14:18:00Z,2025-01-02T14:18:00Z,14.566666666666666,89.58333333333333,1887.5,3.137,34.795,1,1
7901125,48,2025-01-02T14:18:00Z,2025-01-02T14:18:00Z,14.566666666666666,89.58333333333333,1912.7,3.075,34.792,1,1
7901125,48,2025-01-02T14:18:00Z,2025-01-02T14:18:00Z,14.566666666666666,89.58333333333333,1937.8,3.021,34.79,1,1
7901125,48,2025-01-02T14:18:00Z,2025-01-02T14:18:00Z,14.566666666666666,89.58333333333333,1962.5,2.969,34.787,1,1
7901125,48,2025-01-02T14:18:00Z,2025-01-02T14:18:00Z,14.566666666666666,89.58333333333333,1987.9,2.911,34.785,1,1
7901125,48,2025-01-02T14:18:00Z,2025-01-02T14:18:00Z,14.566666666666666,89.58333333333333,2013.7,2.861,34.783,1,1
7901125,48,2025-01-02T14:18:00Z,2025-01-02T14:18:00Z,14.566666666666666,89.58333333333333,2029.2,2.835,34.782,1,1
7901126,48,2025-01-03T14:05:13Z,2025-01-03T14:05:13Z,10.866666666666667,88.06666666666666,185.4,18.602,34.823,1,1
7901126,48,2025-01-03T14:05:13Z,2025-01-03T14:05:13Z,10.866666666666667,88.06666666666666,195.1,17.647,34.844,1,1
7901126,48,2025-01-03T14:05:13Z,2025-01-03T14:05:13Z,10.866666666666667,88.06666666666666,212.6,16.159,34.897,1,1
7901126,48,2025-01-03T14:05:13Z,2025-01-03T14:05:13Z,10.866666666666667,88.06666666666666,237.6,14.907,34.939,1,1
7901126,48,2025-01-03T14:05:13Z,2025-01-03T14:05:13Z,10.866666666666667,88.06666666666666,262.3,13.676,34.983,1,1
7901126,48,2025-01-03T14:05:13Z,2025-01-03T14:05:13Z,10.866666666666667,88.06666666666666,287.8,12.887,34.995,1,1
7901126,48,2025-01-03T14:05:13Z,2025-01-03T14:05:13Z,10.866666666666667,88.06666666666666,313.9,12.361,35.015,1,1
7901126,48,2025-01-03T14:05:13Z,2025-01-03T14:05:13Z,10.866666666666667,88.06666666666666,337.8,11.872,35.026,1,1
7901126,48,2025-01-03T14:05:13Z,2025-01-03T14:05:13Z,10.866666666666667,88.06666666666666,362.8,11.585,35.04,1,1
7901126,48,2025-01-03T14:05:13Z,2025-01-03T14:05:13Z,10.866666666666667,88.06666666666666,388.0,11.3,35.044,1,1
7901126,48,2025-01-03T14:05:13Z,2025-01-03T14:05:13Z,10.866666666666667,88.06666666666666,413.1,11.037,35.04,1,1
7901126,48,2025-01-03T14:05:13Z,2025-01-03T14:05:13Z,10.866666666666667,88.06666666666666,437.7,10.83,35.039,1,1
7901126,48,2025-01-03T14:05:13Z,2025-01-03T14:05:13Z,10.866666666666667,88.06666666666666,462.8,10.584,35.039,1,1
7901126,48,2025-01-03T14:05:13Z,2025-01-03T14:05:13Z,10.866666666666667,88.06666666666666,487.7,10.387,35.034,1,1
7901126,48,2025-01-03T14:05:13Z,2025-01-03T14:05:13Z,10.866666666666667,88.06666666666666,512.5,10.18,35.032,1,1
7901126,48,2025-01-03T14:05:13Z,2025-01-03T14:05:13Z,10.866666666666667,88.06666666666666,538.4,9.917,35.025,1,1
7901126,48,2025-01-03T14:05:13Z,2025-01-03T14:05:13Z,10.866666666666667,88.06666666666666,562.7,9.71,35.021,1,1
7901126,48,2025-01-03T14:05:13Z,2025-01-03T14:05:13Z,10.866666666666667,88.06666666666666,587.9,9.513,35.016,1,1
7901126,48,2025-01-03T14:05:13Z,2025-01-03T14:05:13Z,10.866666666666667,88.06666666666666,612.8,9.376,35.013,1,1
7901126,48,2025-01-03T14:05:13Z,2025-01-03T14:05:13Z,10.866666666666667,88.06666666666666,637.8,9.229,35.009,1,1
7901126,48,2025-01-03T14:05:13Z,2025-01-03T14:05:13Z,10.866666666666667,88.06666666666666,663.0,9.035,35.004,1,1
7901126,48,2025-01-03T14:05:13Z,2025-01-03T14:05:13Z,10.866666666666667,88.06666666666666,688.2,8.873,35.0,1,1
7901126,48,2025-01-03T14:05:13Z,2025-01-03T14:05:13Z,10.866666666666667,88.06666666666666,712.9,8.715,34.995,1,1
7901126,48,2025-01-03T14:05:13Z,2025-01-03T14:05:13Z,10.866666666666667,88.06666666666666,737.8,8.558,34.99,1,1
7901126,48,2025-01-03T14:05:13Z,2025-01-03T14:05:13Z,10.866666666666667,88.06666666666666,762.7,8.411,34.986,1,1
7901126,48,2025-01-03T14:05:13Z,2025-01-03T14:05:13Z,10.866666666666667,88.06666666666666,787.5,8.265,34.985,1,1
7901126,48,2025-01-03T14:05:13Z,2025-01-03T14:05:13Z,10.866666666666667,88.06666666666666,812.6,8.088,34.981,1,1
7901126,48,2025-01-03T14:05:13Z,2025-01-03T14:05:13Z,10.866666666666667,88.06666666666666,838.0,7.945,34.977,1,1
7901126,48,2025-01-03T14:05:13Z,2025-01-03T14:05:13Z,10.866666666666667,88.06666666666666,863.0,7.839,34.974,1,1
7901126,48,2025-01-03T14:05:13Z,2025-01-03T14:05:13Z,10.866666666666667,88.06666666666666,887.6,7.691,34.968,1,1
7901126,48,2025-01-03T14:05:13Z,2025-01-03T14:05:13Z,10.866666666666667,88.06666666666666,913.4,7.515,34.962,1,1
7901126,48,2025-01-03T14:05:13Z,2025-01-03T14:05:13Z,10.866666666666667,88.06666666666666,937.7,7.346,34.956,1,1
7901126,48,2025-01-03T14:05:13Z,2025-01-03T14:05:13Z,10.866666666666667,88.06666666666666,962.9,7.174,34.951,1,1
7901126,48,2025-01-03T14:05:13Z,2025-01-03T14:05:13Z,10.866666666666667,88.06666666666666,987.8,7.002,34.944,1,1
7901126,48,2025-01-03T14:05:13Z,2025-01-03T14:05:13Z,10.866666666666667,88.06666666666666,1012.9,6.827,34.937,1,1
7901126,48,2025-01-03T14:05:13Z,2025-01-03T14:05:13Z,10.866666666666667,88.06666666666666,1038.2,6.673,34.932,1,1
7901126,48,2025-01-03T14:05:13Z,2025-01-03T14:05:13Z,10.866666666666667,88.06666666666666,1063.3,6.51,34.927,1,1
7901126,48,2025-01-03T14:05:13Z,2025-01-03T14:05:13Z,10.866666666666667,88.06666666666666,1088.0,6.402,34.923,1,1
7901126,48,2025-01-03T14:05:13Z,2025-01-03T14:05:13Z,10.866666666666667,88.06666666666666,1112.6,6.276,34.918,1,1
7901126,48,2025-01-03T14:05:13Z,2025-01-03T14:05:13Z,10.866666666666667,88.06666666666666,1137.8,6.163,34.914,1,1
7901126,48,2025-01-03T14:05:13Z,2025-01-03T14:05:13Z,10.866666666666667,88.06666666666666,1163.0,6.044,34.91,1,1
7901126,48,2025-01-03T14:05:13Z,2025-01-03T14:05:13Z,10.866666666666667,88.06666666666666,1188.2,5.921,34.904,1,1
7901126,48,2025-01-03T14:05:13Z,2025-01-03T14:05:13Z,10.866666666666667,88.06666666666666,1213.7,5.812,34.899,1,1
7901126,48,2025-01-03T14:05:13Z,2025-01-03T14:05:13Z,10.866666666666667,88.06666666666666,1237.9,5.693,34.894,1,1
7901126,48,2025-01-03T14:05:13Z,2025-01-03T14:05:13Z,10.866666666666667,88.06666666666666,1262.5,5.593,34.891,4,4
7901126,48,2025-01-03T14:05:13Z,2025-01-03T14:05:13Z,10.866666666666667,88.06666666666666,0.4,28.626,33.545,4,4
7901126,48,2025-01-03T14:05:13Z,2025-01-03T14:05:13Z,10.866666666666667,88.06666666666666,1.1,28.635,33.538,1,1
7901126,48,2025-01-03T14:05:13Z,2025-01-03T14:05:13Z,10.866666666666667,88.06666666666666,2.0,28.63,33.542,1,1
7901126,48,2025-01-03T14:05:13Z,2025-01-03T14:05:13Z,10.866666666666667,88.06666666666666,2.8,28.629,33.544,1,1
7901126,48,2025-01-03T14:05:13Z,2025-01-03T14:05:13Z,10.866666666666667,88.06666666666666,3.8,28.636,33.541,1,1
7901126,48,2025-01-03T14:05:13Z,2025-01-03T14:05:13Z,10.866666666666667,88.06666666666666,4.8,28.638,33.54,1,1
7901126,48,2025-01-03T14:05:13Z,2025-01-03T14:05:13Z,10.866666666666667,88.06666666666666,6.0,28.638,33.542,1,1
7901126,48,2025-01-03T14:05:13Z,2025-01-03T14:05:13Z,10.866666666666667,88.06666666666666,6.8,28.64,33.538,1,1
7901126,48,2025-01-03T14:05:13Z,2025-01-03T14:05:13Z,10.866666666666667,88.06666666666666,8.0,28.639,33.538,1,1
7901126,48,2025-01-03T14:05:13Z,2025-01-03T14:05:13Z,10.866666666666667,88.06666666666666,9.3,28.633,33.542,1,1
7901126,48,2025-01-03T14:05:13Z,2025-01-03T14:05:13Z,10.866666666666667,88.06666666666666,10.1,28.635,33.541,1,1
7901126,48,2025-01-03T14:05:13Z,2025-01-03T14:05:13Z,10.866666666666667,88.06666666666666,15.1,28.637,33.54,1,1
7901126,48,2025-01-03T14:05:13Z,2025-01-03T14:05:13Z,10.866666666666667,88.06666666666666,25.0,28.639,33.548,1,1
7901126,48,2025-01-03T14:05:13Z,2025-01-03T14:05:13Z,10.866666666666667,88.06666666666666,35.3,28.697,33.678,1,1
7901126,48,2025-01-03T14:05:13Z,2025-01-03T14:05:13Z,10.866666666666667,88.06666666666666,45.2,28.852,34.151,1,1
7901126,48,2025-01-03T14:05:13Z,2025-01-03T14:05:13Z,10.866666666666667,88.06666666666666,55.3,28.873,34.486,1,1
7901126,48,2025-01-03T14:05:13Z,2025-01-03T14:05:13Z,10.866666666666667,88.06666666666666,65.0,28.866,34.575,1,1
7901126,48,2025-01-03T14:05:13Z,2025-01-03T14:05:13Z,10.866666666666667,88.06666666666666,75.1,28.919,34.701,1,1
7901126,48,2025-01-03T14:05:13Z,2025-01-03T14:05:13Z,10.866666666666667,88.06666666666666,85.3,28.67,34.734,1,1
7901126,48,2025-01-03T14:05:13Z,2025-01-03T14:05:13Z,10.866666666666667,88.06666666666666,95.3,28.325,34.781,1,1
7901126,48,2025-01-03T14:05:13Z,2025-01-03T14:05:13Z,10.866666666666667,88.06666666666666,105.5,27.9,34.79,1,1
7901126,48,2025-01-03T14:05:13Z,2025-01-03T14:05:13Z,10.866666666666667,88.06666666666666,115.1,26.549,34.706,1,1
7901126,48,2025-01-03T14:05:13Z,2025-01-03T14:05:13Z,10.866666666666667,88.06666666666666,125.5,24.489,34.655,1,1
7901126,48,2025-01-03T14:05:13Z,2025-01-03T14:05:13Z,10.866666666666667,88.06666666666666,135.3,23.459,34.701,1,1
7901126,48,2025-01-03T14:05:13Z,2025-01-03T14:05:13Z,10.866666666666667,88.06666666666666,145.6,22.004,34.719,1,1
7901126,48,2025-01-03T14:05:13Z,2025-01-03T14:05:13Z,10.866666666666667,88.06666666666666,155.4,20.945,34.775,1,1
7901126,48,2025-01-03T14:05:13Z,2025-01-03T14:05:13Z,10.866666666666667,88.06666666666666,165.4,20.201,34.77,1,1
7901126,48,2025-01-03T14:05:13Z,2025-01-03T14:05:13Z,10.866666666666667,88.06666666666666,175.2,19.544,34.821,4,1
7901126,48,2025-01-03T14:05:13Z,2025-01-03T14:05:13Z,10.866666666666667,88.06666666666666,1287.4,5.496,34.887,3,1
7901126,48,2025-01-03T14:05:13Z,2025-01-03T14:05:13Z,10.866666666666667,88.06666666666666,1312.6,5.376,34.882,1,1
7901126,48,2025-01-03T14:05:13Z,2025-01-03T14:05:13Z,10.866666666666667,88.06666666666666,1337.7,5.264,34.878,1,1
7901126,48,2025-01-03T14:05:13Z,2025-01-03T14:05:13Z,10.866666666666667,88.06666666666666,1362.4,5.154,34.874,1,1
7901126,48,2025-01-03T14:05:13Z,2025-01-03T14:05:13Z,10.866666666666667,88.06666666666666,1387.7,5.071,34.871,1,1
7901126,48,2025-01-03T14:05:13Z,2025-01-03T14:05:13Z,10.866666666666667,88.06666666666666,1413.0,5.0,34.868,1,1
7901126,48,2025-01-03T14:05:13Z,2025-01-03T14:05:13Z,10.866666666666667,88.06666666666666,1437.9,4.93,34.866,1,1
7901126,48,2025-01-03T14:05:13Z,2025-01-03T14:05:13Z,10.866666666666667,88.06666666666666,1463.2,4.832,34.862,1,1
7901126,48,2025-01-03T14:05:13Z,2025-01-03T14:05:13Z,10.866666666666667,88.06666666666666,1488.2,4.736,34.859,1,1
7901126,48,2025-01-03T14:05:13Z,2025-01-03T14:05:13Z,10.866666666666667,88.06666666666666,1513.2,4.639,34.855,1,1
7901126,48,2025-01-03T14:05:13Z,2025-01-03T14:05:13Z,10.866666666666667,88.06666666666666,1538.0,4.537,34.851,1,1
7901126,48,2025-01-03T14:05:13Z,2025-01-03T14:05:13Z,10.866666666666667,88.06666666666666,1563.0,4.429,34.847,1,1
7901126,48,2025-01-03T14:05:13Z,2025-01-03T14:05:13Z,10.866666666666667,88.06666666666666,1588.0,4.318,34.843,1,1
7901126,48,2025-01-03T14:05:13Z,2025-01-03T14:05:13Z,10.866666666666667,88.06666666666666,1612.8,4.199,34.838,1,1
7901126,48,2025-01-03T14:05:13Z,2025-01-03T14:05:13Z,10.866666666666667,88.06666666666666,1637.8,4.08,34.834,1,1
7901126,48,2025-01-03T14:05:13Z,2025-01-03T14:05:13Z,10.866666666666667,88.06666666666666,1662.9,3.966,34.83,1,1
7901126,48,2025-01-03T14:05:13Z,2025-01-03T14:05:13Z,10.866666666666667,88.06666666666666,1687.9,3.84,34.824,1,1
7901126,48,2025-01-03T14:05:13Z,2025-01-03T14:05:13Z,10.866666666666667,88.06666666666666,1713.0,3.73,34.82,1,1
7901126,48,2025-01-03T14:05:13Z,2025-01-03T14:05:13Z,10.866666666666667,88.06666666666666,1738.2,3.627,34.815,1,1
7901126,48,2025-01-03T14:05:13Z,2025-01-03T14:05:13Z,10.866666666666667,88.06666666666666,1762.8,3.523,34.811,1,1
7901126,48,2025-01-03T14:05:13Z,2025-01-03T14:05:13Z,10.866666666666667,88.06666666666666,1787.5,3.426,34.807,1,1
7901126,48,2025-01-03T14:05:13Z,2025-01-03T14:05:13Z,10.866666666666667,88.06666666666666,1812.7,3.346,34.803,1,1
7901126,48,2025-01-03T14:05:13Z,2025-01-03T14:05:13Z,10.866666666666667,88.06666666666666,1837.9,3.285,34.801,1,1
7901126,48,2025-01-03T14:05:13Z,2025-01-03T14:05:13Z,10.866666666666667,88.06666666666666,1863.1,3.203,34.797,1,1
7901126,48,2025-01-03T14:05:13Z,2025-01-03T14:05:13Z,10.866666666666667,88.06666666666666,1888.3,3.128,34.794,1,1
7901126,48,2025-01-03T14:05:13Z,2025-01-03T14:05:13Z,10.866666666666667,88.06666666666666,1913.1,3.063,34.791,1,1
7901126,48,2025-01-03T14:05:13Z,2025-01-03T14:05:13Z,10.866666666666667,88.06666666666666,1937.9,3.007,34.789,1,1
7901126,48,2025-01-03T14:05:13Z,2025-01-03T14:05:13Z,10.866666666666667,88.06666666666666,1963.0,2.943,34.786,1,1
7901126,48,2025-01-03T14:05:13Z,2025-01-03T14:05:13Z,10.866666666666667,88.06666666666666,1988.5,2.894,34.783,1,1
7901126,48,2025-01-03T14:05:13Z,2025-01-03T14:05:13Z,10.866666666666667,88.06666666666666,2002.8,2.864,34.782,1,1
7901127,48,2025-01-04T13:55:58Z,2025-01-04T13:55:58Z,7.616666666666667,91.4,0.1,28.984,33.923,1,1
7901127,48,2025-01-04T13:55:58Z,2025-01-04T13:55:58Z,7.616666666666667,91.4,1.0,28.991,33.918,1,1
7901127,48,2025-01-04T13:55:58Z,2025-01-04T13:55:58Z,7.616666666666667,91.4,2.3,28.99,33.919,1,1
7901127,48,2025-01-04T13:55:58Z,2025-01-04T13:55:58Z,7.616666666666667,91.4,3.1,28.99,33.92,1,1
7901127,48,2025-01-04T13:55:58Z,2025-01-04T13:55:58Z,7.616666666666667,91.4,3.9,28.991,33.92,1,1
7901127,48,2025-01-04T13:55:58Z,2025-01-04T13:55:58Z,7.616666666666667,91.4,5.0,28.992,33.919,1,1
7901127,48,2025-01-04T13:55:58Z,2025-01-04T13:55:58Z,7.616666666666667,91.4,6.2,28.993,33.919,1,1
7901127,48,2025-01-04T13:55:58Z,2025-01-04T13:55:58Z,7.616666666666667,91.4,7.0,28.996,33.919,1,1
7901127,48,2025-01-04T13:55:58Z,2025-01-04T13:55:58Z,7.616666666666667,91.4,7.8,28.995,33.92,1,1
7901127,48,2025-01-04T13:55:58Z,2025-01-04T13:55:58Z,7.616666666666667,91.4,9.0,28.995,33.919,1,1
7901127,48,2025-01-04T13:55:58Z,2025-01-04T13:55:58Z,7.616666666666667,91.4,10.3,28.991,33.92,1,1
7901127,48,2025-01-04T13:55:58Z,2025-01-04T13:55:58Z,7.616666666666667,91.4,15.4,28.995,33.919,1,1
7901127,48,2025-01-04T13:55:58Z,2025-01-04T13:55:58Z,7.616666666666667,91.4,25.2,28.996,33.921,1,1
7901127,48,2025-01-04T13:55:58Z,2025-01-04T13:55:58Z,7.616666666666667,91.4,35.5,28.998,33.945,1,1
7901127,48,2025-01-04T13:55:58Z,2025-01-04T13:55:58Z,7.616666666666667,91.4,45.3,29.176,34.191,1,1
7901127,48,2025-01-04T13:55:58Z,2025-01-04T13:55:58Z,7.616666666666667,91.4,55.5,29.071,34.458,1,1
7901127,48,2025-01-04T13:55:58Z,2025-01-04T13:55:58Z,7.616666666666667,91.4,65.4,28.725,34.861,1,1
7901127,48,2025-01-04T13:55:58Z,2025-01-04T13:55:58Z,7.616666666666667,91.4,75.3,27.991,34.831,1,1
7901127,48,2025-01-04T13:55:58Z,2025-01-04T13:55:58Z,7.616666666666667,91.4,85.1,27.15,34.799,1,1
7901127,48,2025-01-04T13:55:58Z,2025-01-04T13:55:58Z,7.616666666666667,91.4,95.0,26.114,34.987,1,1
7901127,48,2025-01-04T13:55:58Z,2025-01-04T13:55:58Z,7.616666666666667,91.4,105.7,24.549,34.93,1,1
7901127,48,2025-01-04T13:55:58Z,2025-01-04T13:55:58Z,7.616666666666667,91.4,115.8,22.348,34.923,1,1
7901127,48,2025-01-04T13:55:58Z,2025-01-04T13:55:58Z,7.616666666666667,91.4,125.0,21.018,34.915,1,1
7901127,48,2025-01-04T13:55:58Z,2025-01-04T13:55:58Z,7.616666666666667,91.4,135.1,19.53,34.794,1,1
7901127,48,2025-01-04T13:55:58Z,2025-01-04T13:55:58Z,7.616666666666667,91.4,145.0,18.766,34.821,1,1
7901127,48,2025-01-04T13:55:58Z,2025-01-04T13:55:58Z,7.616666666666667,91.4,155.5,18.158,34.867,1,1
7901127,48,2025-01-04T13:55:58Z,2025-01-04T13:55:58Z,7.616666666666667,91.4,166.1,17.446,34.927,1,1
7901127,48,2025-01-04T13:55:58Z,2025-01-04T13:55:58Z,7.616666666666667,91.4,175.1,16.938,34.98,1,1
7901127,48,2025-01-04T13:55:58Z,2025-01-04T13:55:58Z,7.616666666666667,91.4,185.2,16.463,34.973,1,1
7901127,48,2025-01-04T13:55:58Z,2025-01-04T13:55:58Z,7.616666666666667,91.4,195.5,15.75,34.952,1,1
7901127,48,2025-01-04T13:55:58Z,2025-01-04T13:55:58Z,7.616666666666667,91.4,214.0,14.667,34.964,1,1
7901127,48,2025-01-04T13:55:58Z,2025-01-04T13:55:58Z,7.616666666666667,91.4,237.2,13.572,35.011,1,1
7901127,48,2025-01-04T13:55:58Z,2025-01-04T13:55:58Z,7.616666666666667,91.4,263.4,12.83,35.03,1,1
7901127,48,2025-01-04T13:55:58Z,2025-01-04T13:55:58Z,7.616666666666667,91.4,288.4,12.285,35.043,1,1
7901127,48,2025-01-04T13:55:58Z,2025-01-04T13:55:58Z,7.616666666666667,91.4,312.4,11.951,35.057,1,1
7901127,48,2025-01-04T13:55:58Z,2025-01-04T13:55:58Z,7.616666666666667,91.4,338.1,11.639,35.061,1,1
7901127,48,2025-01-04T13:55:58Z,2025-01-04T13:55:58Z,7.616666666666667,91.4,363.3,11.268,35.043,1,1
7901127,48,2025-01-04T13:55:58Z,2025-01-04T13:55:58Z,7.616666666666667,91.4,388.5,10.958,35.039,1,1
7901127,48,2025-01-04T13:55:58Z,2025-01-04T13:55:58Z,7.616666666666667,91.4,412.7,10.688,35.035,1,1
7901127,48,2025-01-04T13:55:58Z,2025-01-04T13:55:58Z,7.616666666666667,91.4,438.2,10.415,35.033,1,1
7901127,48,2025-01-04T13:55:58Z,2025-01-04T13:55:58Z,7.616666666666667,91.4,462.9,10.166,35.03,1,1
7901127,48,2025-01-04T13:55:58Z,2025-01-04T13:55:58Z,7.616666666666667,91.4,487.5,9.995,35.032,1,1
7901127,48,2025-01-04T13:55:58Z,2025-01-04T13:55:58Z,7.616666666666667,91.4,512.8,9.783,35.028,1,1
7901127,48,2025-01-04T13:55:58Z,2025-01-04T13:55:58Z,7.616666666666667,91.4,537.5,9.497,35.019,1,1
7901127,48,2025-01-04T13:55:58Z,2025-01-04T13:55:58Z,7.616666666666667,91.4,562.4,9.339,35.014,1,1
7901127,48,2025-01-04T13:55:58Z,2025-01-04T13:55:58Z,7.616666666666667,91.4,587.8,9.196,35.009,1,1
7901127,48,2025-01-04T13:55:58Z,2025-01-04T13:55:58Z,7.616666666666667,91.4,612.7,9.027,35.005,1,1
7901127,48,2025-01-04T13:55:58Z,2025-01-04T13:55:58Z,7.616666666666667,91.4,637.7,8.823,35.001,1,1
7901127,48,2025-01-04T13:55:58Z,2025-01-04T13:55:58Z,7.616666666666667,91.4,663.5,8.607,34.99,1,1
7901127,48,2025-01-04T13:55:58Z,2025-01-04T13:55:58Z,7.616666666666667,91.4,687.5,8.347,34.981,1,1
7901127,48,2025-01-04T13:55:58Z,2025-01-04T13:55:58Z,7.616666666666667,91.4,712.4,8.15,34.976,1,1
7901127,48,2025-01-04T13:55:58Z,2025-01-04T13:55:58Z,7.616666666666667,91.4,737.4,7.985,34.97,1,1
7901127,48,2025-01-04T13:55:58Z,2025-01-04T13:55:58Z,7.616666666666667,91.4,763.0,7.795,34.964,1,1
7901127,48,2025-01-04T13:55:58Z,2025-01-04T13:55:58Z,7.616666666666667,91.4,788.1,7.666,34.959,1,1
7901127,48,2025-01-04T13:55:58Z,2025-01-04T13:55:58Z,7.616666666666667,91.4,813.1,7.519,34.958,1,1
7901127,48,2025-01-04T13:55:58Z,2025-01-04T13:55:58Z,7.616666666666667,91.4,838.2,7.346,34.95,1,1
7901127,48,2025-01-04T13:55:58Z,2025-01-04T13:55:58Z,7.616666666666667,91.4,862.9,7.142,34.944,1,1
7901127,48,2025-01-04T13:55:58Z,2025-01-04T13:55:58Z,7.616666666666667,91.4,887.8,6.975,34.938,1,1
7901127,48,2025-01-04T13:55:58Z,2025-01-04T13:55:58Z,7.616666666666667,91.4,912.5,6.844,34.933,1,1
7901127,48,2025-01-04T13:55:58Z,2025-01-04T13:55:58Z,7.616666666666667,91.4,937.2,6.661,34.927,1,1
7901127,48,2025-01-04T13:55:58Z,2025-01-04T13:55:58Z,7.616666666666667,91.4,962.6,6.496,34.921,1,1
7901127,48,2025-01-04T13:55:58Z,2025-01-04T13:55:58Z,7.616666666666667,91.4,988.0,6.355,34.917,1,1
7901127,48,2025-01-04T13:55:58Z,2025-01-04T13:55:58Z,7.616666666666667,91.4,1013.4,6.261,34.913,1,1
7901127,48,2025-01-04T13:55:58Z,2025-01-04T13:55:58Z,7.616666666666667,91.4,1037.9,6.127,34.908,1,1
7901127,48,2025-01-04T13:55:58Z,2025-01-04T13:55:58Z,7.616666666666667,91.4,1062.7,6.066,34.906,1,1
7901127,48,2025-01-04T13:55:58Z,2025-01-04T13:55:58Z,7.616666666666667,91.4,1087.7,5.966,34.902,1,1
7901127,48,2025-01-04T13:55:58Z,2025-01-04T13:55:58Z,7.616666666666667,91.4,1112.8,5.803,34.895,1,1
7901127,48,2025-01-04T13:55:58Z,2025-01-04T13:55:58Z,7.616666666666667,91.4,1137.5,5.61,34.888,1,1
7901127,48,2025-01-04T13:55:58Z,2025-01-04T13:55:58Z,7.616666666666667,91.4,1163.5,5.451,34.883,1,1
7901127,48,2025-01-04T13:55:58Z,2025-01-04T13:55:58Z,7.616666666666667,91.4,1187.6,5.308,34.878,1,1
7901127,48,2025-01-04T13:55:58Z,2025-01-04T13:55:58Z,7.616666666666667,91.4,1212.9,5.191,34.874,1,1
7901127,48,2025-01-04T13:55:58Z,2025-01-04T13:55:58Z,7.616666666666667,91.4,1237.8,5.138,34.871,1,1
7901127,48,2025-01-04T13:55:58Z,2025-01-04T13:55:58Z,7.616666666666667,91.4,1262.8,5.074,34.868,1,1
7901127,48,2025-01-04T13:55:58Z,2025-01-04T13:55:58Z,7.616666666666667,91.4,1288.2,5.0,34.866,1,1
7901127,48,2025-01-04T13:55:58Z,2025-01-04T13:55:58Z,7.616666666666667,91.4,1312.9,4.937,34.863,1,1
7901127,48,2025-01-04T13:55:58Z,2025-01-04T13:55:58Z,7.616666666666667,91.4,1337.7,4.859,34.861,1,1
7901127,48,2025-01-04T13:55:58Z,2025-01-04T13:55:58Z,7.616666666666667,91.4,1362.7,4.734,34.856,1,1
7901127,48,2025-01-04T13:55:58Z,2025-01-04T13:55:58Z,7.616666666666667,91.4,1388.0,4.596,34.851,1,1
7901127,48,2025-01-04T13:55:58Z,2025-01-04T13:55:58Z,7.616666666666667,91.4,1414.0,4.494,34.847,1,1
7901127,48,2025-01-04T13:55:58Z,2025-01-04T13:55:58Z,7.616666666666667,91.4,1437.8,4.393,34.844,1,1
7901127,48,2025-01-04T13:55:58Z,2025-01-04T13:55:58Z,7.616666666666667,91.4,1462.5,4.296,34.84,1,1
7901127,48,2025-01-04T13:55:58Z,2025-01-04T13:55:58Z,7.616666666666667,91.4,1487.4,4.207,34.837,1,1
7901127,48,2025-01-04T13:55:58Z,2025-01-04T13:55:58Z,7.616666666666667,91.4,1512.7,4.103,34.833,1,1
7901127,48,2025-01-04T13:55:58Z,2025-01-04T13:55:58Z,7.616666666666667,91.4,1537.9,4.053,34.832,1,1
7901127,48,2025-01-04T13:55:58Z,2025-01-04T13:55:58Z,7.616666666666667,91.4,1562.7,3.954,34.828,1,1
7901127,48,2025-01-04T13:55:58Z,2025-01-04T13:55:58Z,7.616666666666667,91.4,1587.5,3.9,34.826,1,1
7901127,48,2025-01-04T13:55:58Z,2025-01-04T13:55:58Z,7.616666666666667,91.4,1612.6,3.834,34.823,1,1
7901127,48,2025-01-04T13:55:58Z,2025-01-04T13:55:58Z,7.616666666666667,91.4,1637.7,3.774,34.821,1,1
7901127,48,2025-01-04T13:55:58Z,2025-01-04T13:55:58Z,7.616666666666667,91.4,1663.2,3.703,34.818,1,1
7901127,48,2025-01-04T13:55:58Z,2025-01-04T13:55:58Z,7.616666666666667,91.4,1688.3,3.645,34.816,1,1
7901127,48,2025-01-04T13:55:58Z,2025-01-04T13:55:58Z,7.616666666666667,91.4,1712.8,3.594,34.813,1,1
7901127,48,2025-01-04T13:55:58Z,2025-01-04T13:55:58Z,7.616666666666667,91.4,1738.0,3.546,34.811,1,1
7901127,48,2025-01-04T13:55:58Z,2025-01-04T13:55:58Z,7.616666666666667,91.4,1763.1,3.505,34.809,1,1
7901127,48,2025-01-04T13:55:58Z,2025-01-04T13:55:58Z,7.616666666666667,91.4,1787.7,3.416,34.805,1,1
7901127,48,2025-01-04T13:55:58Z,2025-01-04T13:55:58Z,7.616666666666667,91.4,1812.8,3.317,34.801,1,1
7901127,48,2025-01-04T13:55:58Z,2025-01-04T13:55:58Z,7.616666666666667,91.4,1838.0,3.25,34.798,1,1
7901127,48,2025-01-04T13:55:58Z,2025-01-04T13:55:58Z,7.616666666666667,91.4,1863.0,3.137,34.793,1,1
7901127,48,2025-01-04T13:55:58Z,2025-01-04T13:55:58Z,7.616666666666667,91.4,1888.1,3.043,34.789,1,1
7901127,48,2025-01-04T13:55:58Z,2025-01-04T13:55:58Z,7.616666666666667,91.4,1912.9,2.938,34.784,1,1
7901127,48,2025-01-04T13:55:58Z,2025-01-04T13:55:58Z,7.616666666666667,91.4,1937.7,2.889,34.782,1,1
7901127,48,2025-01-04T13:55:58Z,2025-01-04T13:55:58Z,7.616666666666667,91.4,1963.1,2.839,34.78,1,1
7901127,48,2025-01-04T13:55:58Z,2025-01-04T13:55:58Z,7.616666666666667,91.4,1987.5,2.806,34.778,1,1
7901127,48,2025-01-04T13:55:58Z,2025-01-04T13:55:58Z,7.616666666666667,91.4,2015.5,2.763,34.776,1,1
7902248,1,2025-01-07T14:14:50Z,2025-01-07T14:14:50Z,9.916666666666666,85.81666666666666,0.3,28.418,34.187,1,1
7902248,1,2025-01-07T14:14:50Z,2025-01-07T14:14:50Z,9.916666666666666,85.81666666666666,1.0,28.416,34.188,1,1
7902248,1,2025-01-07T14:14:50Z,2025-01-07T14:14:50Z,9.916666666666666,85.81666666666666,1.7,28.415,34.187,1,1
7902248,1,2025-01-07T14:14:50Z,2025-01-07T14:14:50Z,9.916666666666666,85.81666666666666,2.9,28.416,34.188,1,1
7902248,1,2025-01-07T14:14:50Z,2025-01-07T14:14:50Z,9.916666666666666,85.81666666666666,4.3,28.422,34.188,1,1
7902248,1,2025-01-07T14:14:50Z,2025-01-07T14:14:50Z,9.916666666666666,85.81666666666666,5.3,28.42,34.191,1,1
7902248,1,2025-01-07T14:14:50Z,2025-01-07T14:14:50Z,9.916666666666666,85.81666666666666,6.4,28.421,34.191,1,1
7902248,1,2025-01-07T14:14:50Z,2025-01-07T14:14:50Z,9.916666666666666,85.81666666666666,7.3,28.423,34.189,1,1
7902248,1,2025-01-07T14:14:50Z,2025-01-07T14:14:50Z,9.916666666666666,85.81666666666666,8.2,28.423,34.189,1,1
7902248,1,2025-01-07T14:14:50Z,2025-01-07T14:14:50Z,9.916666666666666,85.81666666666666,9.1,28.421,34.202,1,1
7902248,1,2025-01-07T14:14:50Z,2025-01-07T14:14:50Z,9.916666666666666,85.81666666666666,9.9,28.424,34.194,1,1
7902248,1,2025-01-07T14:14:50Z,2025-01-07T14:14:50Z,9.916666666666666,85.81666666666666,15.0,28.421,34.223,1,1
7902248,1,2025-01-07T14:14:50Z,2025-01-07T14:14:50Z,9.916666666666666,85.81666666666666,25.2,28.437,34.276,1,1
7902248,1,2025-01-07T14:14:50Z,2025-01-07T14:14:50Z,9.916666666666666,85.81666666666666,35.5,28.485,34.302,1,1
7902248,1,2025-01-07T14:14:50Z,2025-01-07T14:14:50Z,9.916666666666666,85.81666666666666,45.4,28.583,34.354,1,1
7902248,1,2025-01-07T14:14:50Z,2025-01-07T14:14:50Z,9.916666666666666,85.81666666666666,55.0,28.733,34.445,1,1
7902248,1,2025-01-07T14:14:50Z,2025-01-07T14:14:50Z,9.916666666666666,85.81666666666666,65.5,28.158,34.475,1,1
7902248,1,2025-01-07T14:14:50Z,2025-01-07T14:14:50Z,9.916666666666666,85.81666666666666,75.3,26.202,34.636,1,1
7902248,1,2025-01-07T14:14:50Z,2025-01-07T14:14:50Z,9.916666666666666,85.81666666666666,85.4,26.203,35.071,1,1
7902248,1,2025-01-07T14:14:50Z,2025-01-07T14:14:50Z,9.916666666666666,85.81666666666666,95.9,23.502,34.886,1,1
7902248,1,2025-01-07T14:14:50Z,2025-01-07T14:14:50Z,9.916666666666666,85.81666666666666,105.4,21.692,34.82,1,1
7902248,1,2025-01-07T14:14:50Z,2025-01-07T14:14:50Z,9.916666666666666,85.81666666666666,115.5,20.779,35.013,1,1
7902248,1,2025-01-07T14:14:50Z,2025-01-07T14:14:50Z,9.916666666666666,85.81666666666666,125.3,19.917,34.927,1,1
7902248,1,2025-01-07T14:14:50Z,2025-01-07T14:14:50Z,9.916666666666666,85.81666666666666,135.5,19.279,34.948,1,1
7902248,1,2025-01-07T14:14:50Z,2025-01-07T14:14:50Z,9.916666666666666,85.81666666666666,145.5,18.423,34.929,1,1
7902248,1,2025-01-07T14:14:50Z,2025-01-07T14:14:50Z,9.916666666666666,85.81666666666666,155.3,17.903,35.002,1,1
7902248,1,2025-01-07T14:14:50Z,2025-01-07T14:14:50Z,9.916666666666666,85.81666666666666,165.3,17.383,34.991,1,1
7902248,1,2025-01-07T14:14:50Z,2025-01-07T14:14:50Z,9.916666666666666,85.81666666666666,175.3,16.772,35.006,1,1
7902248,1,2025-01-07T14:14:50Z,2025-01-07T14:14:50Z,9.916666666666666,85.81666666666666,185.3,16.154,34.973,1,1
7902248,1,2025-01-07T14:14:50Z,2025-01-07T14:14:50Z,9.916666666666666,85.81666666666666,195.6,15.547,34.944,1,1
7902248,1,2025-01-07T14:14:50Z,2025-01-07T14:14:50Z,9.916666666666666,85.81666666666666,212.7,14.581,34.968,1,1
7902248,1,2025-01-07T14:14:50Z,2025-01-07T14:14:50Z,9.916666666666666,85.81666666666666,237.7,13.444,35.007,1,1
7902248,1,2025-01-07T14:14:50Z,2025-01-07T14:14:50Z,9.916666666666666,85.81666666666666,263.7,12.837,35.036,1,1
7902248,1,2025-01-07T14:14:50Z,2025-01-07T14:14:50Z,9.916666666666666,85.81666666666666,287.5,12.369,35.038,1,1
7902248,1,2025-01-07T14:14:50Z,2025-01-07T14:14:50Z,9.916666666666666,85.81666666666666,312.9,11.919,35.047,1,1
7902248,1,2025-01-07T14:14:50Z,2025-01-07T14:14:50Z,9.916666666666666,85.81666666666666,337.8,11.582,35.037,1,1
7902248,1,2025-01-07T14:14:50Z,2025-01-07T14:14:50Z,9.916666666666666,85.81666666666666,362.6,11.336,35.034,1,1
7902248,1,2025-01-07T14:14:50Z,2025-01-07T14:14:50Z,9.916666666666666,85.81666666666666,387.6,11.117,35.034,1,1
7902248,1,2025-01-07T14:14:50Z,2025-01-07T14:14:50Z,9.916666666666666,85.81666666666666,412.8,10.879,35.034,1,1
7902248,1,2025-01-07T14:14:50Z,2025-01-07T14:14:50Z,9.916666666666666,85.81666666666666,437.8,10.645,35.035,1,1
7902248,1,2025-01-07T14:14:50Z,2025-01-07T14:14:50Z,9.916666666666666,85.81666666666666,462.9,10.501,35.039,1,1
7902248,1,2025-01-07T14:14:50Z,2025-01-07T14:14:50Z,9.916666666666666,85.81666666666666,487.8,10.285,35.035,1,1
7902248,1,2025-01-07T14:14:50Z,2025-01-07T14:14:50Z,9.916666666666666,85.81666666666666,512.8,10.1,35.032,1,1
7902248,1,2025-01-07T14:14:50Z,2025-01-07T14:14:50Z,9.916666666666666,85.81666666666666,537.8,9.967,35.031,1,1
7902248,1,2025-01-07T14:14:50Z,2025-01-07T14:14:50Z,9.916666666666666,85.81666666666666,562.6,9.809,35.027,1,1
7902248,1,2025-01-07T14:14:50Z,2025-01-07T14:14:50Z,9.916666666666666,85.81666666666666,587.6,9.622,35.021,1,1
7902248,1,2025-01-07T14:14:50Z,2025-01-07T14:14:50Z,9.916666666666666,85.81666666666666,613.0,9.456,35.016,1,1
7902248,1,2025-01-07T14:14:50Z,2025-01-07T14:14:50Z,9.916666666666666,85.81666666666666,638.2,9.287,35.01,1,1
7902248,1,2025-01-07T14:14:50Z,2025-01-07T14:14:50Z,9.916666666666666,85.81666666666666,663.3,9.083,35.004,1,1
7902248,1,2025-01-07T14:14:50Z,2025-01-07T14:14:50Z,9.916666666666666,85.81666666666666,687.7,8.888,34.998,1,1
7902248,1,2025-01-07T14:14:50Z,2025-01-07T14:14:50Z,9.916666666666666,85.81666666666666,712.8,8.73,34.994,1,1
7902248,1,2025-01-07T14:14:50Z,2025-01-07T14:14:50Z,9.916666666666666,85.81666666666666,737.7,8.575,34.989,1,1
7902248,1,2025-01-07T14:14:50Z,2025-01-07T14:14:50Z,9.916666666666666,85.81666666666666,762.7,8.454,34.985,1,1
7902248,1,2025-01-07T14:14:50Z,2025-01-07T14:14:50Z,9.916666666666666,85.81666666666666,787.9,8.31,34.977,1,1
7902248,1,2025-01-07T14:14:50Z,2025-01-07T14:14:50Z,9.916666666666666,85.81666666666666,813.4,8.146,34.97,1,1
7902248,1,2025-01-07T14:14:50Z,2025-01-07T14:14:50Z,9.916666666666666,85.81666666666666,838.4,8.012,34.967,1,1
7902248,1,2025-01-07T14:14:50Z,2025-01-07T14:14:50Z,9.916666666666666,85.81666666666666,863.2,7.895,34.965,1,1
7902248,1,2025-01-07T14:14:50Z,2025-01-07T14:14:50Z,9.916666666666666,85.81666666666666,888.2,7.77,34.962,1,1
7902248,1,2025-01-07T14:14:50Z,2025-01-07T14:14:50Z,9.916666666666666,85.81666666666666,913.7,7.617,34.954,1,1
7902248,1,2025-01-07T14:14:50Z,2025-01-07T14:14:50Z,9.916666666666666,85.81666666666666,937.4,7.518,34.952,1,1
7902248,1,2025-01-07T14:14:50Z,2025-01-07T14:14:50Z,9.916666666666666,85.81666666666666,962.9,7.392,34.95,1,1
7902248,1,2025-01-07T14:14:50Z,2025-01-07T14:14:50Z,9.916666666666666,85.81666666666666,988.1,7.033,34.936,1,1
7902248,1,2025-01-07T14:14:50Z,2025-01-07T14:14:50Z,9.916666666666666,85.81666666666666,1013.0,6.679,34.923,1,1
7902248,1,2025-01-07T14:14:50Z,2025-01-07T14:14:50Z,9.916666666666666,85.81666666666666,1037.9,6.548,34.918,1,1
7902248,1,2025-01-07T14:14:50Z,2025-01-07T14:14:50Z,9.916666666666666,85.81666666666666,1062.7,6.464,34.915,1,1
7902248,1,2025-01-07T14:14:50Z,2025-01-07T14:14:50Z,9.916666666666666,85.81666666666666,1087.6,6.356,34.911,1,1
7902248,1,2025-01-07T14:14:50Z,2025-01-07T14:14:50Z,9.916666666666666,85.81666666666666,1112.6,6.277,34.908,1,1
7902248,1,2025-01-07T14:14:50Z,2025-01-07T14:14:50Z,9.916666666666666,85.81666666666666,1137.9,6.158,34.901,1,1
7902248,1,2025-01-07T14:14:50Z,2025-01-07T14:14:50Z,9.916666666666666,85.81666666666666,1162.4,6.073,34.898,1,1
7902248,1,2025-01-07T14:14:50Z,2025-01-07T14:14:50Z,9.916666666666666,85.81666666666666,1187.7,6.03,34.897,1,1
7902248,1,2025-01-07T14:14:50Z,2025-01-07T14:14:50Z,9.916666666666666,85.81666666666666,1212.8,5.956,34.895,1,1
7902248,1,2025-01-07T14:14:50Z,2025-01-07T14:14:50Z,9.916666666666666,85.81666666666666,1237.6,5.858,34.89,1,1
7902248,1,2025-01-07T14:14:50Z,2025-01-07T14:14:50Z,9.916666666666666,85.81666666666666,1262.6,5.774,34.887,1,1
7902248,1,2025-01-07T14:14:50Z,2025-01-07T14:14:50Z,9.916666666666666,85.81666666666666,1283.7,5.728,34.886,1,1
